Date,Salesperson,Lead Name,Segment,Region,Target Close,Forecasted Monthly Revenue,Opportunity Stage,Weighted Revenue,Closed Opportunity,Active Opportunity,Latest Status Entry
1/2/2011,Gerri Hinds,US_SMB_1317,SMB,US,2/2/2011,103699,Lead,10370,FALSE,FALSE,FALSE
1/3/2011,David King,EMEA_Enterprise_405,Enterprise,EMEA,4/9/2011,393841,Lead,39384,FALSE,FALSE,FALSE
1/6/2011,James Swanger,US_Enterprise_1466,Enterprise,US,5/4/2011,326384,Lead,32638,FALSE,FALSE,FALSE
1/11/2011,Gerri Hinds,US_SMB_2291,SMB,US,2/14/2011,76316,Lead,7632,FALSE,FALSE,FALSE
1/11/2011,Victor Burk,EMEA_SMB_288,SMB,EMEA,1/31/2011,162403,Lead,16240,FALSE,FALSE,FALSE
1/12/2011,David King,EMEA_SMB_862,SMB,EMEA,3/16/2011,116458,Lead,11646,FALSE,FALSE,FALSE
1/13/2011,Gerri Hinds,US_SMB_1891,SMB,US,2/18/2011,47174,Lead,4717,FALSE,FALSE,FALSE
1/16/2011,David King,EMEA_SMB_117,SMB,EMEA,3/6/2011,102072,Lead,10207,FALSE,FALSE,FALSE
1/19/2011,Victor Burk,EMEA_SMB_156,SMB,EMEA,3/3/2011,157771,Lead,15777,FALSE,FALSE,FALSE
1/25/2011,Anne Smith,US_SMB_397,SMB,US,2/27/2011,103371,Lead,10337,FALSE,FALSE,FALSE
1/26/2011,Victor Burk,EMEA_Startup_30,Startup,EMEA,2/23/2011,551965,Lead,55196,FALSE,FALSE,FALSE
1/29/2011,Gerri Hinds,US_SMB_2363,SMB,US,2/24/2011,112808,Lead,11281,FALSE,FALSE,FALSE
1/30/2011,James Swanger,US_Startup_967,Startup,US,2/27/2011,469290,Prospect,93858,FALSE,FALSE,FALSE
1/31/2011,Walter Landfair,APAC_Enterprise_600,Enterprise,APAC,7/24/2011,485606,Lead,48561,FALSE,FALSE,FALSE
2/3/2011,James Swanger,US_Enterprise_735,Enterprise,US,4/30/2011,529499,Lead,52950,FALSE,FALSE,FALSE
2/3/2011,Victor Burk,EMEA_SMB_288,SMB,EMEA,2/3/2011,0,Closed Lost,0,TRUE,FALSE,TRUE
2/5/2011,Gerri Hinds,US_SMB_1317,SMB,US,2/5/2011,0,Closed Lost,0,TRUE,FALSE,TRUE
2/6/2011,Jennifer Weidman,US_Enterprise_1097,Enterprise,US,6/29/2011,259861,Lead,25986,FALSE,FALSE,FALSE
2/13/2011,David King,EMEA_SMB_1071,SMB,EMEA,4/1/2011,131412,Lead,13141,FALSE,FALSE,FALSE
2/15/2011,Jennifer Weidman,US_Startup_264,Startup,US,3/25/2011,625302,Lead,62530,FALSE,FALSE,FALSE
2/15/2011,Victor Burk,EMEA_Startup_30,Startup,EMEA,2/15/2011,0,Closed Lost,0,TRUE,FALSE,TRUE
2/16/2011,James Swanger,US_Enterprise_233,Enterprise,US,4/14/2011,306569,Lead,30657,FALSE,FALSE,FALSE
2/17/2011,James Swanger,US_SMB_2513,SMB,US,3/16/2011,106928,Lead,10693,FALSE,FALSE,FALSE
2/18/2011,Gerri Hinds,US_Startup_501,Startup,US,3/26/2011,651585,Lead,65159,FALSE,FALSE,FALSE
2/18/2011,Gerri Hinds,US_SMB_2291,SMB,US,2/18/2011,0,Closed Lost,0,TRUE,FALSE,TRUE
2/20/2011,James Swanger,US_Startup_967,Startup,US,2/20/2011,0,Closed Lost,0,TRUE,FALSE,TRUE
2/22/2011,Gerri Hinds,US_SMB_1891,SMB,US,2/22/2011,0,Closed Lost,0,TRUE,FALSE,TRUE
2/24/2011,Walter Landfair,APAC_Enterprise_136,Enterprise,APAC,9/20/2011,496834,Lead,49683,FALSE,FALSE,FALSE
2/26/2011,Victor Burk,EMEA_SMB_27,SMB,EMEA,4/27/2011,123203,Lead,12320,FALSE,FALSE,FALSE
2/27/2011,Gerri Hinds,US_SMB_2363,SMB,US,2/27/2011,0,Closed Lost,0,TRUE,FALSE,TRUE
3/2/2011,Anne Smith,US_SMB_397,SMB,US,3/2/2011,0,Closed Lost,0,TRUE,FALSE,TRUE
3/5/2011,David King,EMEA_SMB_1361,SMB,EMEA,5/7/2011,143011,Lead,14301,FALSE,FALSE,FALSE
3/7/2011,Victor Burk,EMEA_SMB_156,SMB,EMEA,3/7/2011,0,Closed Lost,0,TRUE,FALSE,TRUE
3/8/2011,David King,EMEA_Enterprise_405,Enterprise,EMEA,5/19/2011,367585,Prospect,73517,FALSE,FALSE,FALSE
3/11/2011,David King,EMEA_SMB_117,SMB,EMEA,4/23/2011,88916,Prospect,17783,FALSE,FALSE,FALSE
3/15/2011,James Swanger,US_SMB_662,SMB,US,4/24/2011,92315,Lead,9232,FALSE,FALSE,FALSE
3/16/2011,Anne Smith,US_SMB_1275,SMB,US,4/30/2011,66204,Lead,6620,FALSE,FALSE,FALSE
3/19/2011,James Swanger,US_SMB_2513,SMB,US,4/12/2011,93146,Prospect,18629,FALSE,FALSE,FALSE
3/21/2011,Gerri Hinds,US_Startup_333,Startup,US,4/30/2011,527108,Lead,52711,FALSE,FALSE,FALSE
3/23/2011,David King,EMEA_SMB_862,SMB,EMEA,3/23/2011,0,Closed Lost,0,TRUE,FALSE,TRUE
3/24/2011,Jennifer Weidman,US_Startup_228,Startup,US,4/23/2011,532191,Lead,53219,FALSE,FALSE,FALSE
3/24/2011,Gerri Hinds,US_SMB_2345,SMB,US,4/22/2011,119886,Lead,11989,FALSE,FALSE,FALSE
3/25/2011,James Swanger,US_Enterprise_1466,Enterprise,US,3/25/2011,0,Closed Lost,0,TRUE,FALSE,TRUE
3/26/2011,James Swanger,US_Enterprise_233,Enterprise,US,5/7/2011,286131,Prospect,57226,FALSE,FALSE,FALSE
3/26/2011,James Swanger,US_SMB_484,SMB,US,4/20/2011,93661,Lead,9366,FALSE,FALSE,FALSE
3/28/2011,Gerri Hinds,US_SMB_2129,SMB,US,3/28/2011,0,Closed Lost,0,TRUE,FALSE,TRUE
3/28/2011,Walter Landfair,APAC_Enterprise_681,Enterprise,APAC,9/17/2011,521403,Lead,52140,FALSE,FALSE,FALSE
3/29/2011,Jennifer Weidman,US_Startup_264,Startup,US,3/29/2011,0,Closed Lost,0,TRUE,FALSE,TRUE
3/29/2011,Anne Smith,US_SMB_2502,SMB,US,5/3/2011,130110,Lead,13011,FALSE,FALSE,TRUE
3/30/2011,Gerri Hinds,US_Startup_501,Startup,US,3/30/2011,0,Closed Lost,0,TRUE,FALSE,TRUE
3/30/2011,Victor Burk,EMEA_Startup_12,Startup,EMEA,4/29/2011,518816,Lead,51882,FALSE,FALSE,FALSE
3/31/2011,Anne Smith,US_Startup_625,Startup,US,4/20/2011,716734,Lead,71673,FALSE,FALSE,FALSE
4/1/2011,James Swanger,US_Enterprise_735,Enterprise,US,4/1/2011,0,Closed Lost,0,TRUE,FALSE,TRUE
4/2/2011,James Swanger,US_Enterprise_1386,Enterprise,US,7/10/2011,461411,Lead,46141,FALSE,FALSE,FALSE
4/5/2011,David King,EMEA_Enterprise_773,Enterprise,EMEA,8/22/2011,458378,Lead,45838,FALSE,FALSE,FALSE
4/6/2011,David King,EMEA_SMB_1071,SMB,EMEA,4/6/2011,0,Closed Lost,0,TRUE,FALSE,TRUE
4/9/2011,David King,EMEA_Enterprise_405,Enterprise,EMEA,4/9/2011,0,Closed Lost,0,TRUE,FALSE,TRUE
4/10/2011,Jennifer Weidman,US_SMB_1872,SMB,US,6/7/2011,118703,Lead,11870,FALSE,FALSE,FALSE
4/11/2011,James Swanger,US_SMB_2513,SMB,US,4/11/2011,0,Closed Lost,0,TRUE,FALSE,TRUE
4/14/2011,James Swanger,US_Enterprise_233,Enterprise,US,4/14/2011,0,Closed Lost,0,TRUE,FALSE,TRUE
4/16/2011,Anne Smith,US_SMB_127,SMB,US,5/20/2011,104886,Lead,10489,FALSE,FALSE,FALSE
4/20/2011,Gerri Hinds,US_Startup_333,Startup,US,4/20/2011,0,Closed Lost,0,TRUE,FALSE,TRUE
4/21/2011,David King,EMEA_SMB_117,SMB,EMEA,4/21/2011,0,Closed Lost,0,TRUE,FALSE,TRUE
4/22/2011,Victor Burk,EMEA_Startup_12,Startup,EMEA,4/22/2011,0,Closed Lost,0,TRUE,FALSE,TRUE
4/22/2011,James Swanger,US_SMB_484,SMB,US,4/22/2011,0,Closed Lost,0,TRUE,FALSE,TRUE
4/23/2011,Gerri Hinds,US_Enterprise_899,Enterprise,US,7/27/2011,467253,Lead,46725,FALSE,FALSE,FALSE
4/25/2011,Anne Smith,US_SMB_1420,SMB,US,6/5/2011,144700,Lead,14470,FALSE,FALSE,FALSE
4/25/2011,Victor Burk,EMEA_SMB_1119,SMB,EMEA,5/18/2011,94699,Lead,9470,FALSE,FALSE,FALSE
4/25/2011,Gerri Hinds,US_SMB_2345,SMB,US,4/25/2011,0,Closed Lost,0,TRUE,FALSE,TRUE
4/26/2011,Jennifer Weidman,US_Startup_228,Startup,US,5/12/2011,443493,Qualified,221746,FALSE,FALSE,FALSE
4/26/2011,Anne Smith,US_Startup_625,Startup,US,4/26/2011,0,Closed Lost,0,TRUE,FALSE,TRUE
4/27/2011,Gerri Hinds,US_SMB_2709,SMB,US,6/5/2011,107371,Lead,10737,FALSE,FALSE,FALSE
4/27/2011,James Swanger,US_Startup_60,Startup,US,5/23/2011,605780,Lead,60578,FALSE,FALSE,FALSE
4/27/2011,James Swanger,US_Startup_558,Startup,US,5/26/2011,574551,Lead,57455,FALSE,FALSE,FALSE
4/27/2011,Gerri Hinds,US_SMB_2550,SMB,US,6/6/2011,133585,Lead,13359,FALSE,FALSE,FALSE
4/28/2011,Gerri Hinds,US_Enterprise_639,Enterprise,US,8/22/2011,469688,Lead,46969,FALSE,FALSE,FALSE
4/28/2011,James Swanger,US_SMB_662,SMB,US,4/28/2011,0,Closed Lost,0,TRUE,FALSE,TRUE
4/29/2011,Anne Smith,US_SMB_3165,SMB,US,5/29/2011,105535,Lead,10554,FALSE,FALSE,FALSE
4/30/2011,Jennifer Weidman,US_Startup_287,Startup,US,5/23/2011,730327,Lead,73033,FALSE,FALSE,FALSE
4/30/2011,Gerri Hinds,US_Enterprise_602,Enterprise,US,8/1/2011,339680,Lead,33968,FALSE,FALSE,FALSE
5/1/2011,Walter Landfair,APAC_Startup_137,Startup,APAC,6/17/2011,583349,Lead,58335,FALSE,FALSE,FALSE
5/2/2011,James Swanger,US_Enterprise_71,Enterprise,US,7/12/2011,395078,Lead,39508,FALSE,FALSE,FALSE
5/2/2011,Jennifer Weidman,US_Startup_228,Startup,US,5/2/2011,0,Closed Lost,0,TRUE,FALSE,TRUE
5/4/2011,Victor Burk,EMEA_SMB_27,SMB,EMEA,5/4/2011,0,Closed Lost,0,TRUE,FALSE,TRUE
5/4/2011,Victor Burk,EMEA_Enterprise_726,Enterprise,EMEA,8/4/2011,417242,Lead,41724,FALSE,FALSE,FALSE
5/5/2011,Victor Burk,EMEA_SMB_745,SMB,EMEA,6/28/2011,126582,Lead,12658,FALSE,FALSE,FALSE
5/6/2011,Anne Smith,US_Enterprise_1022,Enterprise,US,8/21/2011,521208,Lead,52121,FALSE,FALSE,FALSE
5/8/2011,Jennifer Weidman,US_Enterprise_902,Enterprise,US,7/29/2011,630345,Lead,63034,FALSE,FALSE,FALSE
5/8/2011,James Swanger,US_SMB_1692,SMB,US,6/17/2011,102837,Lead,10284,FALSE,FALSE,FALSE
5/8/2011,Victor Burk,EMEA_SMB_619,SMB,EMEA,6/20/2011,132137,Lead,13214,FALSE,FALSE,FALSE
5/11/2011,James Swanger,US_Enterprise_46,Enterprise,US,8/15/2011,375699,Lead,37570,FALSE,FALSE,FALSE
5/13/2011,Jennifer Weidman,US_Enterprise_1097,Enterprise,US,5/13/2011,0,Closed Lost,0,TRUE,FALSE,TRUE
5/14/2011,David King,EMEA_SMB_1361,SMB,EMEA,5/14/2011,0,Closed Lost,0,TRUE,FALSE,TRUE
5/15/2011,Anne Smith,US_SMB_3022,SMB,US,6/15/2011,115434,Lead,11543,FALSE,FALSE,FALSE
5/15/2011,Victor Burk,EMEA_Startup_181,Startup,EMEA,6/21/2011,641417,Lead,64142,FALSE,FALSE,TRUE
5/17/2011,James Swanger,US_Startup_60,Startup,US,5/17/2011,0,Closed Lost,0,TRUE,FALSE,TRUE
5/17/2011,Jennifer Weidman,US_Startup_287,Startup,US,5/17/2011,0,Closed Lost,0,TRUE,FALSE,TRUE
5/19/2011,Walter Landfair,APAC_SMB_549,SMB,APAC,7/19/2011,147565,Lead,14756,FALSE,FALSE,FALSE
5/20/2011,Walter Landfair,APAC_SMB_477,SMB,APAC,7/7/2011,125980,Lead,12598,FALSE,FALSE,FALSE
5/21/2011,Victor Burk,EMEA_SMB_1119,SMB,EMEA,5/21/2011,0,Closed Lost,0,TRUE,FALSE,TRUE
5/23/2011,Victor Burk,EMEA_Enterprise_367,Enterprise,EMEA,8/27/2011,428492,Lead,42849,FALSE,FALSE,FALSE
5/24/2011,Anne Smith,US_SMB_127,SMB,US,5/24/2011,0,Closed Lost,0,TRUE,FALSE,TRUE
5/26/2011,James Swanger,US_Startup_158,Startup,US,7/5/2011,688152,Lead,68815,FALSE,FALSE,FALSE
5/26/2011,Anne Smith,US_SMB_2502,SMB,US,6/20/2011,86740,Qualified,43370,FALSE,FALSE,FALSE
5/27/2011,Walter Landfair,APAC_Enterprise_600,Enterprise,APAC,10/4/2011,453232,Prospect,90646,FALSE,FALSE,FALSE
5/27/2011,Anne Smith,US_SMB_793,SMB,US,6/29/2011,126155,Lead,12616,FALSE,FALSE,FALSE
5/29/2011,David King,EMEA_Enterprise_48,Enterprise,EMEA,9/19/2011,447407,Lead,44741,FALSE,FALSE,FALSE
5/29/2011,Anne Smith,US_SMB_1275,SMB,US,5/29/2011,0,Closed Lost,0,TRUE,FALSE,TRUE
5/29/2011,James Swanger,US_Startup_558,Startup,US,6/14/2011,478793,Qualified,239396,FALSE,FALSE,FALSE
5/30/2011,David King,EMEA_SMB_927,SMB,EMEA,7/1/2011,113998,Lead,11400,FALSE,FALSE,FALSE
5/30/2011,Anne Smith,US_SMB_573,SMB,US,7/16/2011,64601,Lead,6460,FALSE,FALSE,FALSE
5/31/2011,Gerri Hinds,US_SMB_1990,SMB,US,7/3/2011,108102,Lead,10810,FALSE,FALSE,FALSE
6/2/2011,David King,EMEA_SMB_855,SMB,EMEA,7/11/2011,127737,Lead,12774,FALSE,FALSE,FALSE
6/3/2011,David King,EMEA_Enterprise_791,Enterprise,EMEA,9/5/2011,414357,Lead,41436,FALSE,FALSE,FALSE
6/3/2011,Anne Smith,US_SMB_2085,SMB,US,7/13/2011,90488,Lead,9049,FALSE,FALSE,FALSE
6/5/2011,Anne Smith,US_SMB_2502,SMB,US,6/28/2011,69970,Contracting,55976,FALSE,FALSE,FALSE
6/5/2011,Walter Landfair,APAC_Startup_137,Startup,APAC,6/5/2011,0,Closed Lost,0,TRUE,FALSE,TRUE
6/5/2011,James Swanger,US_SMB_2330,SMB,US,7/11/2011,82113,Lead,8211,FALSE,FALSE,FALSE
6/7/2011,James Swanger,US_Enterprise_1386,Enterprise,US,6/7/2011,0,Closed Lost,0,TRUE,FALSE,TRUE
6/8/2011,Gerri Hinds,US_Enterprise_633,Enterprise,US,8/21/2011,496246,Lead,49625,FALSE,FALSE,FALSE
6/9/2011,Anne Smith,US_SMB_1420,SMB,US,6/9/2011,0,Closed Lost,0,TRUE,FALSE,TRUE
6/9/2011,Gerri Hinds,US_SMB_2709,SMB,US,6/9/2011,0,Closed Lost,0,TRUE,FALSE,TRUE
6/10/2011,James Swanger,US_SMB_1106,SMB,US,7/30/2011,128163,Lead,12816,FALSE,FALSE,FALSE
6/10/2011,Gerri Hinds,US_SMB_2550,SMB,US,6/10/2011,0,Closed Lost,0,TRUE,FALSE,TRUE
6/11/2011,Jennifer Weidman,US_SMB_1842,SMB,US,7/17/2011,93423,Lead,9342,FALSE,FALSE,FALSE
6/11/2011,James Swanger,US_Enterprise_824,Enterprise,US,8/6/2011,409004,Lead,40900,FALSE,FALSE,FALSE
6/13/2011,Jennifer Weidman,US_SMB_1872,SMB,US,6/13/2011,0,Closed Lost,0,TRUE,FALSE,TRUE
6/14/2011,Anne Smith,US_SMB_2488,SMB,US,7/23/2011,124088,Lead,12409,FALSE,FALSE,FALSE
6/15/2011,Gerri Hinds,US_Startup_603,Startup,US,7/28/2011,687296,Lead,68730,FALSE,FALSE,FALSE
6/15/2011,Victor Burk,EMEA_Enterprise_345,Enterprise,EMEA,9/17/2011,464075,Lead,46408,FALSE,FALSE,FALSE
6/16/2011,Walter Landfair,APAC_Enterprise_88,Enterprise,APAC,10/25/2011,513293,Lead,51329,FALSE,FALSE,FALSE
6/16/2011,James Swanger,US_SMB_194,SMB,US,7/3/2011,61904,Lead,6190,FALSE,FALSE,FALSE
6/17/2011,Walter Landfair,APAC_Enterprise_283,Enterprise,APAC,1/26/2012,522714,Lead,52271,FALSE,FALSE,FALSE
6/17/2011,Jennifer Weidman,US_Startup_671,Startup,US,7/17/2011,627256,Lead,62726,FALSE,FALSE,FALSE
6/17/2011,James Swanger,US_SMB_443,SMB,US,7/22/2011,68079,Lead,6808,FALSE,FALSE,FALSE
6/18/2011,James Swanger,US_Enterprise_71,Enterprise,US,8/11/2011,368739,Prospect,73748,FALSE,FALSE,FALSE
6/18/2011,Anne Smith,US_SMB_3022,SMB,US,6/18/2011,0,Closed Lost,0,TRUE,FALSE,TRUE
6/19/2011,Anne Smith,US_SMB_3165,SMB,US,6/19/2011,0,Closed Lost,0,TRUE,FALSE,TRUE
6/19/2011,Gerri Hinds,US_SMB_1785,SMB,US,7/25/2011,102528,Lead,10253,FALSE,FALSE,FALSE
6/20/2011,Walter Landfair,APAC_SMB_460,SMB,APAC,8/30/2011,110350,Lead,11035,FALSE,FALSE,FALSE
6/20/2011,James Swanger,US_Startup_558,Startup,US,6/20/2011,0,Closed Lost,0,TRUE,FALSE,TRUE
6/21/2011,James Swanger,US_SMB_1692,SMB,US,6/21/2011,0,Closed Lost,0,TRUE,FALSE,TRUE
6/23/2011,Anne Smith,US_Startup_808,Startup,US,7/31/2011,500839,Lead,50084,FALSE,FALSE,FALSE
6/23/2011,Anne Smith,US_SMB_1030,SMB,US,7/20/2011,135851,Lead,13585,FALSE,FALSE,FALSE
6/23/2011,James Swanger,US_Enterprise_133,Enterprise,US,8/19/2011,376350,Lead,37635,FALSE,FALSE,FALSE
6/24/2011,Anne Smith,US_SMB_2586,SMB,US,7/21/2011,67377,Lead,6738,FALSE,FALSE,FALSE
6/25/2011,Victor Burk,EMEA_SMB_619,SMB,EMEA,6/25/2011,0,Closed Lost,0,TRUE,FALSE,TRUE
6/25/2011,James Swanger,US_Startup_158,Startup,US,6/25/2011,0,Closed Lost,0,TRUE,FALSE,TRUE
6/25/2011,Victor Burk,EMEA_Startup_181,Startup,EMEA,7/14/2011,534514,Qualified,267257,FALSE,FALSE,TRUE
6/25/2011,Gerri Hinds,US_Enterprise_899,Enterprise,US,6/25/2011,0,Closed Lost,0,TRUE,FALSE,TRUE
6/29/2011,Anne Smith,US_Enterprise_1103,Enterprise,US,10/4/2011,580327,Lead,58033,FALSE,FALSE,FALSE
6/29/2011,Walter Landfair,APAC_Enterprise_701,Enterprise,APAC,12/29/2011,388020,Lead,38802,FALSE,FALSE,FALSE
7/1/2011,Gerri Hinds,US_Enterprise_602,Enterprise,US,7/1/2011,0,Closed Lost,0,TRUE,FALSE,TRUE
7/1/2011,James Swanger,US_SMB_1479,SMB,US,8/13/2011,94757,Lead,9476,FALSE,FALSE,FALSE
7/2/2011,Jennifer Weidman,US_Enterprise_902,Enterprise,US,7/2/2011,0,Closed Lost,0,TRUE,FALSE,TRUE
7/3/2011,Anne Smith,US_SMB_793,SMB,US,7/3/2011,0,Closed Lost,0,TRUE,FALSE,TRUE
7/3/2011,Anne Smith,US_SMB_2502,SMB,US,7/3/2011,57827,Closed Won,57827,TRUE,FALSE,TRUE
7/4/2011,Walter Landfair,APAC_Enterprise_226,Enterprise,APAC,10/2/2011,431642,Lead,43164,FALSE,FALSE,FALSE
7/4/2011,Victor Burk,EMEA_SMB_745,SMB,EMEA,7/4/2011,0,Closed Lost,0,TRUE,FALSE,TRUE
7/4/2011,Victor Burk,EMEA_Enterprise_726,Enterprise,EMEA,7/4/2011,0,Closed Lost,0,TRUE,FALSE,TRUE
7/5/2011,James Swanger,US_Startup_153,Startup,US,8/14/2011,758575,Lead,75857,FALSE,FALSE,FALSE
7/5/2011,David King,EMEA_SMB_927,SMB,EMEA,7/5/2011,0,Closed Lost,0,TRUE,FALSE,TRUE
7/5/2011,James Swanger,US_SMB_194,SMB,US,7/5/2011,0,Closed Lost,0,TRUE,FALSE,TRUE
7/6/2011,Jennifer Weidman,US_Startup_993,Startup,US,8/13/2011,669577,Lead,66958,FALSE,FALSE,TRUE
7/6/2011,Walter Landfair,APAC_SMB_247,SMB,APAC,9/24/2011,115489,Lead,11549,FALSE,FALSE,FALSE
7/7/2011,Anne Smith,US_SMB_133,SMB,US,8/13/2011,115078,Lead,11508,FALSE,FALSE,FALSE
7/7/2011,David King,EMEA_Enterprise_773,Enterprise,EMEA,10/19/2011,427819,Prospect,85564,FALSE,FALSE,FALSE
7/7/2011,Gerri Hinds,US_SMB_1990,SMB,US,7/7/2011,0,Closed Lost,0,TRUE,FALSE,TRUE
7/11/2011,Gerri Hinds,US_Enterprise_1349,Enterprise,US,11/5/2011,312617,Lead,31262,FALSE,FALSE,FALSE
7/11/2011,James Swanger,US_Enterprise_1446,Enterprise,US,11/9/2011,449501,Lead,44950,FALSE,FALSE,FALSE
7/12/2011,James Swanger,US_Enterprise_71,Enterprise,US,7/12/2011,0,Closed Lost,0,TRUE,FALSE,TRUE
7/13/2011,Walter Landfair,APAC_SMB_477,SMB,APAC,7/13/2011,0,Closed Lost,0,TRUE,FALSE,TRUE
7/13/2011,Walter Landfair,APAC_Enterprise_136,Enterprise,APAC,7/13/2011,0,Closed Lost,0,TRUE,FALSE,TRUE
7/13/2011,Anne Smith,US_SMB_2434,SMB,US,8/19/2011,113721,Lead,11372,FALSE,FALSE,FALSE
7/14/2011,Walter Landfair,APAC_SMB_18,SMB,APAC,9/18/2011,150062,Lead,15006,FALSE,FALSE,FALSE
7/14/2011,James Swanger,US_Enterprise_46,Enterprise,US,7/14/2011,0,Closed Lost,0,TRUE,FALSE,TRUE
7/14/2011,Gerri Hinds,US_Enterprise_639,Enterprise,US,7/14/2011,0,Closed Lost,0,TRUE,FALSE,TRUE
7/15/2011,James Swanger,US_Startup_194,Startup,US,8/19/2011,363442,Lead,36344,FALSE,FALSE,FALSE
7/15/2011,David King,EMEA_SMB_855,SMB,EMEA,7/15/2011,0,Closed Lost,0,TRUE,FALSE,TRUE
7/16/2011,James Swanger,US_SMB_2330,SMB,US,7/16/2011,0,Closed Lost,0,TRUE,FALSE,TRUE
7/16/2011,Victor Burk,EMEA_SMB_84,SMB,EMEA,9/4/2011,77696,Lead,7770,FALSE,FALSE,FALSE
7/16/2011,Anne Smith,US_Enterprise_1022,Enterprise,US,7/16/2011,0,Closed Lost,0,TRUE,FALSE,TRUE
7/17/2011,Gerri Hinds,US_Startup_603,Startup,US,8/18/2011,641477,Prospect,128295,FALSE,FALSE,FALSE
7/17/2011,Anne Smith,US_SMB_2085,SMB,US,7/17/2011,0,Closed Lost,0,TRUE,FALSE,TRUE
7/18/2011,James Swanger,US_Enterprise_824,Enterprise,US,7/18/2011,0,Closed Lost,0,TRUE,FALSE,TRUE
7/19/2011,James Swanger,US_Enterprise_1496,Enterprise,US,9/11/2011,576772,Lead,57677,FALSE,FALSE,FALSE
7/20/2011,Walter Landfair,APAC_Startup_4,Startup,APAC,9/23/2011,597739,Lead,59774,FALSE,FALSE,FALSE
7/20/2011,Victor Burk,EMEA_SMB_348,SMB,EMEA,8/7/2011,112100,Lead,11210,FALSE,FALSE,FALSE
7/20/2011,Jennifer Weidman,US_Startup_671,Startup,US,7/20/2011,0,Closed Lost,0,TRUE,FALSE,TRUE
7/21/2011,Anne Smith,US_SMB_573,SMB,US,7/21/2011,0,Closed Lost,0,TRUE,FALSE,TRUE
7/21/2011,Jennifer Weidman,US_SMB_1842,SMB,US,8/22/2011,81381,Prospect,16276,FALSE,FALSE,FALSE
7/21/2011,Gerri Hinds,US_SMB_2436,SMB,US,9/1/2011,72386,Lead,7239,FALSE,FALSE,FALSE
7/21/2011,Anne Smith,US_Startup_808,Startup,US,8/19/2011,467449,Prospect,93490,FALSE,FALSE,FALSE
7/21/2011,Walter Landfair,APAC_Enterprise_681,Enterprise,APAC,11/27/2011,486643,Prospect,97329,FALSE,FALSE,FALSE
7/22/2011,Victor Burk,EMEA_Startup_181,Startup,EMEA,7/22/2011,427611,Closed Won,427611,TRUE,FALSE,TRUE
7/22/2011,Jennifer Weidman,US_Startup_513,Startup,US,7/22/2011,0,Closed Lost,0,TRUE,FALSE,TRUE
7/22/2011,Anne Smith,US_SMB_1030,SMB,US,8/14/2011,118342,Prospect,23668,FALSE,FALSE,FALSE
7/23/2011,Victor Burk,EMEA_SMB_553,SMB,EMEA,9/10/2011,93038,Lead,9304,FALSE,FALSE,FALSE
7/24/2011,Walter Landfair,APAC_Enterprise_600,Enterprise,APAC,7/24/2011,0,Closed Lost,0,TRUE,FALSE,TRUE
7/24/2011,James Swanger,US_SMB_1460,SMB,US,8/28/2011,114303,Lead,11430,FALSE,FALSE,FALSE
7/24/2011,Anne Smith,US_SMB_2586,SMB,US,7/24/2011,0,Closed Lost,0,TRUE,FALSE,TRUE
7/25/2011,James Swanger,US_SMB_467,SMB,US,8/29/2011,106910,Lead,10691,FALSE,FALSE,FALSE
7/25/2011,Victor Burk,EMEA_SMB_915,SMB,EMEA,9/22/2011,111420,Lead,11142,FALSE,FALSE,FALSE
7/26/2011,Walter Landfair,APAC_SMB_549,SMB,APAC,7/26/2011,0,Closed Lost,0,TRUE,FALSE,TRUE
7/26/2011,Victor Burk,EMEA_Enterprise_367,Enterprise,EMEA,7/26/2011,0,Closed Lost,0,TRUE,FALSE,TRUE
7/26/2011,James Swanger,US_SMB_443,SMB,US,7/26/2011,0,Closed Lost,0,TRUE,FALSE,TRUE
7/27/2011,Victor Burk,EMEA_Enterprise_652,Enterprise,EMEA,11/19/2011,541223,Lead,54122,FALSE,FALSE,FALSE
7/27/2011,Anne Smith,US_SMB_2488,SMB,US,7/27/2011,0,Closed Lost,0,TRUE,FALSE,TRUE
7/27/2011,Gerri Hinds,US_Enterprise_633,Enterprise,US,7/27/2011,0,Closed Lost,0,TRUE,FALSE,TRUE
7/28/2011,Walter Landfair,APAC_Enterprise_171,Enterprise,APAC,12/7/2011,337679,Lead,33768,FALSE,FALSE,FALSE
7/28/2011,David King,EMEA_Enterprise_262,Enterprise,EMEA,11/8/2011,514708,Lead,51471,FALSE,FALSE,FALSE
7/29/2011,Gerri Hinds,US_SMB_1785,SMB,US,7/29/2011,0,Closed Lost,0,TRUE,FALSE,TRUE
7/30/2011,Gerri Hinds,US_SMB_247,SMB,US,7/30/2011,0,Closed Lost,0,TRUE,FALSE,TRUE
7/31/2011,James Swanger,US_Enterprise_133,Enterprise,US,7/31/2011,0,Closed Lost,0,TRUE,FALSE,TRUE
8/1/2011,Walter Landfair,APAC_Enterprise_146,Enterprise,APAC,1/11/2012,422525,Lead,42252,FALSE,FALSE,FALSE
8/1/2011,Gerri Hinds,US_SMB_2959,SMB,US,9/1/2011,134213,Lead,13421,FALSE,FALSE,FALSE
8/2/2011,David King,EMEA_Enterprise_242,Enterprise,EMEA,11/16/2011,524141,Lead,52414,FALSE,FALSE,FALSE
8/2/2011,Gerri Hinds,US_Startup_603,Startup,US,8/2/2011,0,Closed Lost,0,TRUE,FALSE,TRUE
8/2/2011,Victor Burk,EMEA_SMB_908,SMB,EMEA,10/1/2011,119952,Lead,11995,FALSE,FALSE,FALSE
8/3/2011,James Swanger,US_Startup_153,Startup,US,8/3/2011,0,Closed Lost,0,TRUE,FALSE,TRUE
8/4/2011,Walter Landfair,APAC_Enterprise_651,Enterprise,APAC,12/28/2011,512288,Lead,51229,FALSE,FALSE,FALSE
8/4/2011,James Swanger,US_SMB_1106,SMB,US,8/4/2011,0,Closed Lost,0,TRUE,FALSE,TRUE
8/5/2011,David King,EMEA_Enterprise_791,Enterprise,EMEA,8/5/2011,0,Closed Lost,0,TRUE,FALSE,TRUE
8/5/2011,Gerri Hinds,US_SMB_3008,SMB,US,9/8/2011,167776,Lead,16778,FALSE,FALSE,FALSE
8/6/2011,Anne Smith,US_SMB_1030,SMB,US,8/6/2011,0,Closed Lost,0,TRUE,FALSE,TRUE
8/6/2011,Gerri Hinds,US_Enterprise_385,Enterprise,US,11/29/2011,532774,Lead,53277,FALSE,FALSE,FALSE
8/9/2011,Victor Burk,EMEA_SMB_348,SMB,EMEA,8/9/2011,0,Closed Lost,0,TRUE,FALSE,TRUE
8/9/2011,Walter Landfair,APAC_Enterprise_55,Enterprise,APAC,2/21/2012,610629,Lead,61063,FALSE,FALSE,FALSE
8/9/2011,James Swanger,US_Startup_194,Startup,US,8/9/2011,0,Closed Lost,0,TRUE,FALSE,TRUE
8/10/2011,Jennifer Weidman,US_Enterprise_214,Enterprise,US,11/3/2011,343400,Lead,34340,FALSE,FALSE,FALSE
8/10/2011,Gerri Hinds,US_Startup_73,Startup,US,9/10/2011,621183,Lead,62118,FALSE,FALSE,FALSE
8/11/2011,Anne Smith,US_Startup_808,Startup,US,8/11/2011,0,Closed Lost,0,TRUE,FALSE,TRUE
8/11/2011,Gerri Hinds,US_SMB_2590,SMB,US,9/24/2011,90159,Lead,9016,FALSE,FALSE,FALSE
8/12/2011,Gerri Hinds,US_SMB_1904,SMB,US,9/24/2011,123360,Lead,12336,FALSE,FALSE,FALSE
8/12/2011,David King,EMEA_Enterprise_48,Enterprise,EMEA,8/12/2011,0,Closed Lost,0,TRUE,FALSE,TRUE
8/15/2011,Walter Landfair,APAC_SMB_467,SMB,APAC,11/6/2011,79710,Lead,7971,FALSE,FALSE,FALSE
8/15/2011,James Swanger,US_SMB_1427,SMB,US,9/21/2011,111560,Lead,11156,FALSE,FALSE,FALSE
8/16/2011,Walter Landfair,APAC_Enterprise_685,Enterprise,APAC,1/22/2012,510825,Lead,51082,FALSE,FALSE,FALSE
8/16/2011,Victor Burk,EMEA_Enterprise_345,Enterprise,EMEA,8/16/2011,0,Closed Lost,0,TRUE,FALSE,TRUE
8/17/2011,Anne Smith,US_SMB_133,SMB,US,8/17/2011,0,Closed Lost,0,TRUE,FALSE,TRUE
8/18/2011,James Swanger,US_SMB_1479,SMB,US,8/18/2011,0,Closed Lost,0,TRUE,FALSE,TRUE
8/18/2011,David King,EMEA_SMB_1047,SMB,EMEA,10/5/2011,86489,Lead,8649,FALSE,FALSE,FALSE
8/19/2011,Gerri Hinds,US_SMB_2588,SMB,US,9/30/2011,132265,Lead,13226,FALSE,FALSE,FALSE
8/20/2011,Jennifer Weidman,US_SMB_1842,SMB,US,9/13/2011,50241,Contracting,40192,FALSE,FALSE,FALSE
8/20/2011,Jennifer Weidman,US_SMB_708,SMB,US,9/19/2011,109203,Lead,10920,FALSE,FALSE,FALSE
8/20/2011,James Swanger,US_SMB_3051,SMB,US,9/23/2011,76281,Lead,7628,FALSE,FALSE,FALSE
8/22/2011,David King,EMEA_Startup_174,Startup,EMEA,10/3/2011,590263,Lead,59026,FALSE,FALSE,FALSE
8/22/2011,David King,EMEA_Enterprise_394,Enterprise,EMEA,10/26/2011,590082,Lead,59008,FALSE,FALSE,FALSE
8/22/2011,David King,EMEA_Enterprise_773,Enterprise,EMEA,11/5/2011,381981,Qualified,190991,FALSE,FALSE,FALSE
8/23/2011,Anne Smith,US_SMB_2434,SMB,US,8/23/2011,0,Closed Lost,0,TRUE,FALSE,TRUE
8/23/2011,Gerri Hinds,US_Enterprise_1324,Enterprise,US,11/24/2011,364234,Lead,36423,FALSE,FALSE,FALSE
8/24/2011,James Swanger,US_Enterprise_1496,Enterprise,US,8/24/2011,0,Closed Lost,0,TRUE,FALSE,TRUE
8/24/2011,Jennifer Weidman,US_Startup_993,Startup,US,9/10/2011,491023,Contracting,392819,FALSE,FALSE,FALSE
8/24/2011,Gerri Hinds,US_Startup_959,Startup,US,10/1/2011,796781,Lead,79678,FALSE,FALSE,FALSE
8/28/2011,Anne Smith,US_SMB_2483,SMB,US,9/26/2011,101230,Lead,10123,FALSE,FALSE,FALSE
8/29/2011,Gerri Hinds,US_Enterprise_10,Enterprise,US,12/22/2011,281188,Lead,28119,FALSE,FALSE,FALSE
8/30/2011,James Swanger,US_SMB_2909,SMB,US,10/4/2011,106026,Lead,10603,FALSE,FALSE,FALSE
9/1/2011,James Swanger,US_SMB_1460,SMB,US,9/1/2011,0,Closed Lost,0,TRUE,FALSE,TRUE
9/1/2011,Anne Smith,US_Enterprise_1103,Enterprise,US,11/13/2011,541638,Prospect,108328,FALSE,FALSE,FALSE
9/2/2011,Anne Smith,US_Enterprise_608,Enterprise,US,11/28/2011,416288,Lead,41629,FALSE,FALSE,FALSE
9/2/2011,Gerri Hinds,US_Startup_73,Startup,US,9/2/2011,0,Closed Lost,0,TRUE,FALSE,TRUE
9/2/2011,Walter Landfair,APAC_Enterprise_226,Enterprise,APAC,11/9/2011,402866,Prospect,80573,FALSE,FALSE,TRUE
9/2/2011,James Swanger,US_SMB_467,SMB,US,9/2/2011,0,Closed Lost,0,TRUE,FALSE,TRUE
9/4/2011,Gerri Hinds,US_SMB_2959,SMB,US,9/4/2011,0,Closed Lost,0,TRUE,FALSE,TRUE
9/5/2011,Gerri Hinds,US_SMB_2436,SMB,US,9/5/2011,0,Closed Lost,0,TRUE,FALSE,TRUE
9/6/2011,Anne Smith,US_SMB_2449,SMB,US,10/5/2011,107707,Lead,10771,FALSE,FALSE,FALSE
9/6/2011,Walter Landfair,APAC_Startup_4,Startup,APAC,9/6/2011,0,Closed Lost,0,TRUE,FALSE,TRUE
9/7/2011,Walter Landfair,APAC_SMB_460,SMB,APAC,11/8/2011,96127,Prospect,19225,FALSE,FALSE,FALSE
9/9/2011,Victor Burk,EMEA_SMB_84,SMB,EMEA,9/9/2011,0,Closed Lost,0,TRUE,FALSE,TRUE
9/11/2011,Gerri Hinds,US_SMB_3008,SMB,US,9/11/2011,0,Closed Lost,0,TRUE,FALSE,TRUE
9/11/2011,Walter Landfair,APAC_Enterprise_88,Enterprise,APAC,9/11/2011,0,Closed Lost,0,TRUE,FALSE,TRUE
9/12/2011,David King,EMEA_SMB_860,SMB,EMEA,10/28/2011,128136,Lead,12814,FALSE,FALSE,FALSE
9/14/2011,Jennifer Weidman,US_Startup_993,Startup,US,9/14/2011,446385,Closed Won,446385,TRUE,FALSE,TRUE
9/14/2011,Walter Landfair,APAC_SMB_163,SMB,APAC,11/24/2011,139355,Lead,13936,FALSE,FALSE,FALSE
9/15/2011,James Swanger,US_Startup_39,Startup,US,10/23/2011,673654,Lead,67365,FALSE,FALSE,FALSE
9/15/2011,David King,EMEA_Enterprise_773,Enterprise,EMEA,11/16/2011,336144,Contracting,268915,FALSE,FALSE,FALSE
9/15/2011,Victor Burk,EMEA_SMB_553,SMB,EMEA,10/27/2011,81047,Prospect,16209,FALSE,FALSE,FALSE
9/15/2011,David King,EMEA_Startup_111,Startup,EMEA,11/2/2011,668019,Lead,66802,FALSE,FALSE,FALSE
9/17/2011,Walter Landfair,APAC_Enterprise_681,Enterprise,APAC,9/17/2011,0,Closed Lost,0,TRUE,FALSE,TRUE
9/18/2011,James Swanger,US_Enterprise_480,Enterprise,US,11/16/2011,422573,Lead,42257,FALSE,FALSE,FALSE
9/19/2011,Gerri Hinds,US_SMB_1680,SMB,US,10/31/2011,114217,Lead,11422,FALSE,FALSE,FALSE
9/19/2011,Jennifer Weidman,US_SMB_1842,SMB,US,9/19/2011,0,Closed Lost,0,TRUE,FALSE,TRUE
9/19/2011,Walter Landfair,APAC_Startup_54,Startup,APAC,11/16/2011,442947,Lead,44295,FALSE,FALSE,FALSE
9/21/2011,Gerri Hinds,US_Startup_959,Startup,US,10/19/2011,743662,Prospect,148732,FALSE,FALSE,FALSE
9/22/2011,James Swanger,US_SMB_1155,SMB,US,10/15/2011,113563,Lead,11356,FALSE,FALSE,FALSE
9/22/2011,Jennifer Weidman,US_SMB_708,SMB,US,10/18/2011,95128,Prospect,19026,FALSE,FALSE,FALSE
9/22/2011,David King,EMEA_Startup_174,Startup,EMEA,10/24/2011,550912,Prospect,110182,FALSE,FALSE,TRUE
9/25/2011,James Swanger,US_SMB_1427,SMB,US,9/25/2011,0,Closed Lost,0,TRUE,FALSE,TRUE
9/26/2011,Walter Landfair,APAC_SMB_18,SMB,APAC,11/23/2011,130721,Prospect,26144,FALSE,FALSE,TRUE
9/27/2011,James Swanger,US_SMB_3051,SMB,US,9/27/2011,0,Closed Lost,0,TRUE,FALSE,TRUE
9/27/2011,Gerri Hinds,US_Enterprise_1349,Enterprise,US,9/27/2011,0,Closed Lost,0,TRUE,FALSE,TRUE
9/28/2011,Victor Burk,EMEA_SMB_507,SMB,EMEA,11/11/2011,89227,Lead,8923,FALSE,FALSE,FALSE
9/28/2011,David King,EMEA_SMB_170,SMB,EMEA,11/21/2011,86824,Lead,8682,FALSE,FALSE,FALSE
9/29/2011,Victor Burk,EMEA_SMB_915,SMB,EMEA,9/29/2011,0,Closed Lost,0,TRUE,FALSE,TRUE
9/29/2011,Gerri Hinds,US_SMB_2590,SMB,US,11/6/2011,78539,Prospect,15708,FALSE,FALSE,FALSE
9/29/2011,Anne Smith,US_SMB_2247,SMB,US,11/9/2011,88159,Lead,8816,FALSE,FALSE,FALSE
9/29/2011,Gerri Hinds,US_SMB_1904,SMB,US,9/29/2011,0,Closed Lost,0,TRUE,FALSE,TRUE
9/29/2011,Anne Smith,US_SMB_2483,SMB,US,9/29/2011,0,Closed Lost,0,TRUE,FALSE,TRUE
9/30/2011,James Swanger,US_Enterprise_1446,Enterprise,US,9/30/2011,0,Closed Lost,0,TRUE,FALSE,TRUE
10/2/2011,Anne Smith,US_SMB_2467,SMB,US,11/25/2011,95570,Lead,9557,FALSE,FALSE,FALSE
10/2/2011,Walter Landfair,APAC_SMB_247,SMB,APAC,10/2/2011,0,Closed Lost,0,TRUE,FALSE,TRUE
10/3/2011,Victor Burk,EMEA_Enterprise_247,Enterprise,EMEA,1/25/2012,351752,Lead,35175,FALSE,FALSE,FALSE
10/4/2011,Anne Smith,US_Enterprise_1103,Enterprise,US,10/4/2011,0,Closed Lost,0,TRUE,FALSE,TRUE
10/4/2011,Gerri Hinds,US_SMB_2588,SMB,US,10/4/2011,0,Closed Lost,0,TRUE,FALSE,TRUE
10/4/2011,David King,EMEA_Enterprise_262,Enterprise,EMEA,10/4/2011,0,Closed Lost,0,TRUE,FALSE,TRUE
10/5/2011,David King,EMEA_Enterprise_394,Enterprise,EMEA,10/5/2011,0,Closed Lost,0,TRUE,FALSE,TRUE
10/5/2011,Gerri Hinds,US_Startup_959,Startup,US,10/5/2011,0,Closed Lost,0,TRUE,FALSE,TRUE
10/6/2011,Jennifer Weidman,US_Enterprise_214,Enterprise,US,12/9/2011,320507,Prospect,64101,FALSE,FALSE,FALSE
10/6/2011,James Swanger,US_Enterprise_780,Enterprise,US,1/12/2012,447080,Lead,44708,FALSE,FALSE,FALSE
10/6/2011,Anne Smith,US_Enterprise_1302,Enterprise,US,12/17/2011,349767,Lead,34977,FALSE,FALSE,FALSE
10/7/2011,Victor Burk,EMEA_SMB_1366,SMB,EMEA,11/27/2011,123169,Lead,12317,FALSE,FALSE,FALSE
10/8/2011,Anne Smith,US_Enterprise_1388,Enterprise,US,1/7/2012,403286,Lead,40329,FALSE,FALSE,FALSE
10/8/2011,James Swanger,US_SMB_2909,SMB,US,10/8/2011,0,Closed Lost,0,TRUE,FALSE,TRUE
10/8/2011,Victor Burk,EMEA_SMB_908,SMB,EMEA,10/8/2011,0,Closed Lost,0,TRUE,FALSE,TRUE
10/8/2011,Jennifer Weidman,US_SMB_708,SMB,US,10/8/2011,0,Closed Lost,0,TRUE,FALSE,TRUE
10/11/2011,David King,EMEA_SMB_1047,SMB,EMEA,11/22/2011,75341,Prospect,15068,FALSE,FALSE,FALSE
10/11/2011,Victor Burk,EMEA_SMB_263,SMB,EMEA,11/10/2011,115665,Lead,11567,FALSE,FALSE,FALSE
10/11/2011,David King,EMEA_Enterprise_242,Enterprise,EMEA,10/11/2011,0,Closed Lost,0,TRUE,FALSE,TRUE
10/11/2011,Victor Burk,EMEA_Enterprise_652,Enterprise,EMEA,10/11/2011,0,Closed Lost,0,TRUE,FALSE,TRUE
10/13/2011,Walter Landfair,APAC_Startup_35,Startup,APAC,11/20/2011,471311,Lead,47131,FALSE,FALSE,FALSE
10/14/2011,Gerri Hinds,US_Enterprise_426,Enterprise,US,1/22/2012,334590,Lead,33459,FALSE,FALSE,FALSE
10/14/2011,Victor Burk,EMEA_Enterprise_66,Enterprise,EMEA,2/4/2012,393308,Lead,39331,FALSE,FALSE,FALSE
10/14/2011,Walter Landfair,APAC_Enterprise_661,Enterprise,APAC,6/15/2012,287899,Lead,28790,FALSE,FALSE,FALSE
10/15/2011,Victor Burk,EMEA_SMB_460,SMB,EMEA,11/30/2011,114709,Lead,11471,FALSE,FALSE,FALSE
10/15/2011,Gerri Hinds,US_SMB_264,SMB,US,11/8/2011,100895,Lead,10089,FALSE,FALSE,FALSE
10/16/2011,Walter Landfair,APAC_Enterprise_127,Enterprise,APAC,4/15/2012,385154,Lead,38515,FALSE,FALSE,FALSE
10/16/2011,Walter Landfair,APAC_SMB_460,SMB,APAC,12/6/2011,73567,Qualified,36783,FALSE,FALSE,FALSE
10/16/2011,David King,EMEA_Startup_174,Startup,EMEA,11/4/2011,432859,Contracting,346288,FALSE,FALSE,FALSE
10/17/2011,Gerri Hinds,US_Startup_1038,Startup,US,11/15/2011,549309,Lead,54931,FALSE,FALSE,FALSE
10/17/2011,Jennifer Weidman,US_Enterprise_931,Enterprise,US,12/10/2011,470974,Lead,47097,FALSE,FALSE,FALSE
10/17/2011,Gerri Hinds,US_SMB_2858,SMB,US,11/26/2011,116080,Lead,11608,FALSE,FALSE,FALSE
10/17/2011,Walter Landfair,APAC_Enterprise_226,Enterprise,APAC,11/27/2011,316537,Contracting,253230,FALSE,FALSE,FALSE
10/17/2011,James Swanger,US_Enterprise_656,Enterprise,US,12/30/2011,560745,Lead,56074,FALSE,FALSE,FALSE
10/17/2011,James Swanger,US_SMB_1155,SMB,US,10/17/2011,0,Closed Lost,0,TRUE,FALSE,TRUE
10/19/2011,Victor Burk,EMEA_SMB_1135,SMB,EMEA,11/18/2011,151982,Lead,15198,FALSE,FALSE,FALSE
10/19/2011,Gerri Hinds,US_SMB_1035,SMB,US,11/17/2011,99002,Lead,9900,FALSE,FALSE,FALSE
10/19/2011,Gerri Hinds,US_Startup_614,Startup,US,11/16/2011,649573,Lead,64957,FALSE,FALSE,FALSE
10/20/2011,David King,EMEA_Startup_111,Startup,EMEA,11/25/2011,623484,Prospect,124697,FALSE,FALSE,FALSE
10/22/2011,Gerri Hinds,US_Enterprise_385,Enterprise,US,10/22/2011,0,Closed Lost,0,TRUE,FALSE,TRUE
10/22/2011,Jennifer Weidman,US_SMB_2178,SMB,US,11/26/2011,151972,Lead,15197,FALSE,FALSE,FALSE
10/22/2011,James Swanger,US_SMB_1163,SMB,US,11/27/2011,174785,Lead,17479,FALSE,FALSE,FALSE
10/23/2011,Gerri Hinds,US_SMB_2590,SMB,US,10/23/2011,0,Closed Lost,0,TRUE,FALSE,TRUE
10/24/2011,Walter Landfair,APAC_Enterprise_171,Enterprise,APAC,10/24/2011,0,Closed Lost,0,TRUE,FALSE,TRUE
10/24/2011,Gerri Hinds,US_Enterprise_1324,Enterprise,US,10/24/2011,0,Closed Lost,0,TRUE,FALSE,TRUE
10/25/2011,Anne Smith,US_SMB_2449,SMB,US,11/14/2011,71805,Qualified,35902,FALSE,FALSE,FALSE
10/25/2011,Victor Burk,EMEA_SMB_553,SMB,EMEA,10/25/2011,0,Closed Lost,0,TRUE,FALSE,TRUE
10/27/2011,James Swanger,US_Startup_39,Startup,US,10/27/2011,0,Closed Lost,0,TRUE,FALSE,TRUE
10/27/2011,James Swanger,US_Enterprise_480,Enterprise,US,10/27/2011,0,Closed Lost,0,TRUE,FALSE,TRUE
10/29/2011,Walter Landfair,APAC_Enterprise_701,Enterprise,APAC,3/15/2012,362152,Prospect,72430,FALSE,FALSE,FALSE
10/30/2011,David King,EMEA_Startup_177,Startup,EMEA,11/26/2011,526431,Prospect,105286,FALSE,FALSE,FALSE
10/30/2011,Anne Smith,US_Enterprise_608,Enterprise,US,10/30/2011,0,Closed Lost,0,TRUE,FALSE,TRUE
10/30/2011,James Swanger,US_Enterprise_964,Enterprise,US,1/18/2012,379388,Lead,37939,FALSE,FALSE,FALSE
10/31/2011,James Swanger,US_SMB_797,SMB,US,11/28/2011,128464,Lead,12846,FALSE,FALSE,FALSE
11/1/2011,Anne Smith,US_Startup_894,Startup,US,12/13/2011,327526,Lead,32753,FALSE,FALSE,FALSE
11/2/2011,Anne Smith,US_SMB_2449,SMB,US,11/2/2011,0,Closed Lost,0,TRUE,FALSE,TRUE
11/3/2011,James Swanger,US_SMB_534,SMB,US,12/9/2011,124103,Lead,12410,FALSE,FALSE,FALSE
11/3/2011,Jennifer Weidman,US_Enterprise_214,Enterprise,US,11/3/2011,0,Closed Lost,0,TRUE,FALSE,TRUE
11/4/2011,Jennifer Weidman,US_SMB_2083,SMB,US,12/2/2011,99402,Lead,9940,FALSE,FALSE,FALSE
11/4/2011,James Swanger,US_Enterprise_395,Enterprise,US,2/15/2012,424568,Lead,42457,FALSE,FALSE,FALSE
11/5/2011,Gerri Hinds,US_SMB_1680,SMB,US,11/5/2011,0,Closed Lost,0,TRUE,FALSE,TRUE
11/5/2011,Walter Landfair,APAC_SMB_460,SMB,APAC,12/23/2011,59344,Contracting,47475,FALSE,FALSE,FALSE
11/6/2011,James Swanger,US_SMB_2446,SMB,US,12/5/2011,122716,Lead,12272,FALSE,FALSE,FALSE
11/6/2011,David King,EMEA_SMB_1047,SMB,EMEA,11/6/2011,0,Closed Lost,0,TRUE,FALSE,TRUE
11/7/2011,Walter Landfair,APAC_Startup_10,Startup,APAC,12/25/2011,814802,Lead,81480,FALSE,FALSE,TRUE
11/7/2011,Jennifer Weidman,US_Enterprise_1239,Enterprise,US,2/5/2012,575924,Lead,57592,FALSE,FALSE,FALSE
11/7/2011,David King,EMEA_Startup_111,Startup,EMEA,11/7/2011,0,Closed Lost,0,TRUE,FALSE,TRUE
11/8/2011,Gerri Hinds,US_Startup_1038,Startup,US,11/8/2011,0,Closed Lost,0,TRUE,FALSE,TRUE
11/8/2011,Gerri Hinds,US_Startup_614,Startup,US,11/8/2011,0,Closed Lost,0,TRUE,FALSE,TRUE
11/9/2011,David King,EMEA_Startup_174,Startup,EMEA,11/9/2011,393509,Closed Won,393509,TRUE,FALSE,TRUE
11/9/2011,Walter Landfair,APAC_Enterprise_651,Enterprise,APAC,2/27/2012,478135,Prospect,95627,FALSE,FALSE,FALSE
11/10/2011,Walter Landfair,APAC_Startup_35,Startup,APAC,11/10/2011,0,Closed Lost,0,TRUE,FALSE,TRUE
11/10/2011,James Swanger,US_SMB_837,SMB,US,12/2/2011,112158,Lead,11216,FALSE,FALSE,FALSE
11/11/2011,Gerri Hinds,US_SMB_264,SMB,US,11/11/2011,0,Closed Lost,0,TRUE,FALSE,TRUE
11/12/2011,David King,EMEA_Startup_177,Startup,EMEA,11/12/2011,0,Closed Lost,0,TRUE,FALSE,TRUE
11/13/2011,Anne Smith,US_SMB_1334,SMB,US,1/3/2012,130464,Lead,13046,FALSE,FALSE,FALSE
11/13/2011,Walter Landfair,APAC_Enterprise_283,Enterprise,APAC,4/28/2012,487866,Prospect,97573,FALSE,FALSE,FALSE
11/13/2011,Victor Burk,EMEA_SMB_263,SMB,EMEA,11/13/2011,0,Closed Lost,0,TRUE,FALSE,TRUE
11/13/2011,Victor Burk,EMEA_SMB_659,SMB,EMEA,1/12/2012,87845,Lead,8784,FALSE,FALSE,FALSE
11/14/2011,Anne Smith,US_SMB_1766,SMB,US,12/17/2011,131541,Lead,13154,FALSE,FALSE,FALSE
11/14/2011,Anne Smith,US_SMB_2247,SMB,US,11/14/2011,0,Closed Lost,0,TRUE,FALSE,TRUE
11/14/2011,Gerri Hinds,US_Enterprise_10,Enterprise,US,11/14/2011,0,Closed Lost,0,TRUE,FALSE,TRUE
11/14/2011,Victor Burk,EMEA_SMB_304,SMB,EMEA,12/28/2011,70705,Lead,7070,FALSE,FALSE,FALSE
11/15/2011,Walter Landfair,APAC_SMB_467,SMB,APAC,1/27/2012,69437,Prospect,13887,FALSE,FALSE,FALSE
11/15/2011,David King,EMEA_Enterprise_209,Enterprise,EMEA,2/24/2012,439528,Lead,43953,FALSE,FALSE,FALSE
11/16/2011,Gerri Hinds,US_SMB_2611,SMB,US,12/7/2011,126528,Lead,12653,FALSE,FALSE,FALSE
11/16/2011,Victor Burk,EMEA_SMB_507,SMB,EMEA,11/16/2011,0,Closed Lost,0,TRUE,FALSE,TRUE
11/16/2011,James Swanger,US_Startup_272,Startup,US,12/6/2011,588621,Lead,58862,FALSE,FALSE,FALSE
11/17/2011,Walter Landfair,APAC_Enterprise_146,Enterprise,APAC,11/17/2011,0,Closed Lost,0,TRUE,FALSE,TRUE
11/19/2011,Jennifer Weidman,US_SMB_3081,SMB,US,12/20/2011,112231,Lead,11223,FALSE,FALSE,FALSE
11/19/2011,Gerri Hinds,US_Startup_1050,Startup,US,12/20/2011,509614,Lead,50961,FALSE,FALSE,FALSE
11/19/2011,Anne Smith,US_Enterprise_597,Enterprise,US,3/9/2012,521002,Lead,52100,FALSE,FALSE,FALSE
11/19/2011,Jennifer Weidman,US_SMB_1445,SMB,US,12/23/2011,134387,Lead,13439,FALSE,FALSE,FALSE
11/20/2011,Walter Landfair,APAC_SMB_18,SMB,APAC,1/4/2012,80700,Contracting,64560,FALSE,FALSE,FALSE
11/20/2011,Gerri Hinds,US_SMB_1035,SMB,US,11/20/2011,0,Closed Lost,0,TRUE,FALSE,TRUE
11/21/2011,Anne Smith,US_SMB_1068,SMB,US,12/28/2011,105466,Lead,10547,FALSE,FALSE,FALSE
11/21/2011,Victor Burk,EMEA_SMB_1135,SMB,EMEA,11/21/2011,0,Closed Lost,0,TRUE,FALSE,TRUE
11/22/2011,Jennifer Weidman,US_Enterprise_931,Enterprise,US,1/1/2012,439576,Prospect,87915,FALSE,FALSE,FALSE
11/22/2011,Walter Landfair,APAC_Startup_54,Startup,APAC,12/23/2011,369122,Qualified,184561,FALSE,FALSE,FALSE
11/23/2011,Anne Smith,US_Enterprise_1302,Enterprise,US,1/16/2012,326449,Prospect,65290,FALSE,FALSE,FALSE
11/23/2011,David King,EMEA_Enterprise_773,Enterprise,EMEA,11/23/2011,305585,Closed Won,305585,TRUE,FALSE,TRUE
11/23/2011,Jennifer Weidman,US_Startup_917,Startup,US,11/23/2011,0,Closed Lost,0,TRUE,FALSE,TRUE
11/23/2011,Walter Landfair,APAC_Startup_13,Startup,APAC,2/1/2012,437783,Lead,43778,FALSE,FALSE,FALSE
11/27/2011,David King,EMEA_SMB_170,SMB,EMEA,11/27/2011,0,Closed Lost,0,TRUE,FALSE,TRUE
11/27/2011,David King,EMEA_SMB_860,SMB,EMEA,12/29/2011,85424,Qualified,42712,FALSE,FALSE,FALSE
11/27/2011,Gerri Hinds,US_Startup_838,Startup,US,1/4/2012,486965,Lead,48696,FALSE,FALSE,FALSE
11/28/2011,Jennifer Weidman,US_Enterprise_1397,Enterprise,US,3/3/2012,378940,Lead,37894,FALSE,FALSE,FALSE
11/29/2011,Jennifer Weidman,US_Startup_728,Startup,US,12/21/2011,594464,Prospect,118893,FALSE,FALSE,TRUE
11/30/2011,Gerri Hinds,US_SMB_2858,SMB,US,1/4/2012,101118,Prospect,20224,FALSE,FALSE,FALSE
11/30/2011,Walter Landfair,APAC_Enterprise_685,Enterprise,APAC,3/28/2012,476770,Prospect,95354,FALSE,FALSE,FALSE
11/30/2011,Jennifer Weidman,US_SMB_1055,SMB,US,11/30/2011,0,Closed Lost,0,TRUE,FALSE,TRUE
11/30/2011,Jennifer Weidman,US_SMB_2178,SMB,US,12/31/2011,132384,Prospect,26477,FALSE,FALSE,TRUE
12/1/2011,James Swanger,US_Startup_272,Startup,US,12/1/2011,0,Closed Lost,0,TRUE,FALSE,TRUE
12/1/2011,James Swanger,US_SMB_797,SMB,US,12/1/2011,0,Closed Lost,0,TRUE,FALSE,TRUE
12/1/2011,Anne Smith,US_SMB_2467,SMB,US,12/1/2011,0,Closed Lost,0,TRUE,FALSE,TRUE
12/1/2011,Walter Landfair,APAC_Enterprise_226,Enterprise,APAC,12/1/2011,287761,Closed Won,287761,TRUE,FALSE,TRUE
12/2/2011,Walter Landfair,APAC_SMB_163,SMB,APAC,2/3/2012,121394,Prospect,24279,FALSE,FALSE,TRUE
12/3/2011,Walter Landfair,APAC_Startup_54,Startup,APAC,12/3/2011,0,Closed Lost,0,TRUE,FALSE,TRUE
12/4/2011,Victor Burk,EMEA_SMB_1129,SMB,EMEA,1/27/2012,112352,Lead,11235,FALSE,FALSE,FALSE
12/5/2011,James Swanger,US_SMB_837,SMB,US,12/5/2011,0,Closed Lost,0,TRUE,FALSE,TRUE
12/5/2011,Jennifer Weidman,US_SMB_2083,SMB,US,12/5/2011,0,Closed Lost,0,TRUE,FALSE,TRUE
12/5/2011,Victor Burk,EMEA_SMB_460,SMB,EMEA,12/5/2011,0,Closed Lost,0,TRUE,FALSE,TRUE
12/5/2011,James Swanger,US_Enterprise_656,Enterprise,US,12/5/2011,0,Closed Lost,0,TRUE,FALSE,TRUE
12/5/2011,David King,EMEA_Enterprise_62,Enterprise,EMEA,4/8/2012,441749,Lead,44175,FALSE,FALSE,FALSE
12/6/2011,Jennifer Weidman,US_Enterprise_365,Enterprise,US,3/21/2012,517609,Lead,51761,FALSE,FALSE,FALSE
12/6/2011,James Swanger,US_SMB_745,SMB,US,1/3/2012,104479,Lead,10448,FALSE,FALSE,FALSE
12/6/2011,Walter Landfair,APAC_Enterprise_669,Enterprise,APAC,5/12/2012,436505,Lead,43650,FALSE,FALSE,FALSE
12/7/2011,Anne Smith,US_Enterprise_1388,Enterprise,US,2/13/2012,376400,Prospect,75280,FALSE,FALSE,FALSE
12/8/2011,James Swanger,US_SMB_2446,SMB,US,12/8/2011,0,Closed Lost,0,TRUE,FALSE,TRUE
12/10/2011,David King,EMEA_SMB_860,SMB,EMEA,12/10/2011,0,Closed Lost,0,TRUE,FALSE,TRUE
12/10/2011,Jennifer Weidman,US_Enterprise_931,Enterprise,US,12/10/2011,0,Closed Lost,0,TRUE,FALSE,TRUE
12/10/2011,Gerri Hinds,US_SMB_2611,SMB,US,12/10/2011,0,Closed Lost,0,TRUE,FALSE,TRUE
12/10/2011,James Swanger,US_SMB_2424,SMB,US,1/13/2012,120812,Lead,12081,FALSE,FALSE,FALSE
12/10/2011,James Swanger,US_Enterprise_780,Enterprise,US,12/10/2011,0,Closed Lost,0,TRUE,FALSE,TRUE
12/12/2011,Gerri Hinds,US_Startup_1050,Startup,US,12/12/2011,0,Closed Lost,0,TRUE,FALSE,TRUE
12/13/2011,James Swanger,US_Enterprise_1143,Enterprise,US,3/22/2012,251984,Lead,25198,FALSE,FALSE,FALSE
12/13/2011,James Swanger,US_SMB_2369,SMB,US,1/19/2012,109231,Lead,10923,FALSE,FALSE,FALSE
12/13/2011,James Swanger,US_SMB_534,SMB,US,12/13/2011,0,Closed Lost,0,TRUE,FALSE,TRUE
12/16/2011,Jennifer Weidman,US_SMB_296,SMB,US,1/25/2012,145098,Lead,14510,FALSE,FALSE,FALSE
12/16/2011,Victor Burk,EMEA_Enterprise_815,Enterprise,EMEA,4/23/2012,526398,Lead,52640,FALSE,FALSE,FALSE
12/17/2011,James Swanger,US_Enterprise_347,Enterprise,US,3/22/2012,201197,Lead,20120,FALSE,FALSE,FALSE
12/18/2011,Victor Burk,EMEA_Enterprise_247,Enterprise,EMEA,12/18/2011,0,Closed Lost,0,TRUE,FALSE,TRUE
12/18/2011,Walter Landfair,APAC_Enterprise_55,Enterprise,APAC,5/13/2012,569921,Prospect,113984,FALSE,FALSE,FALSE
12/18/2011,Anne Smith,US_Startup_894,Startup,US,12/18/2011,0,Closed Lost,0,TRUE,FALSE,TRUE
12/18/2011,David King,EMEA_Enterprise_749,Enterprise,EMEA,4/10/2012,326966,Lead,32697,FALSE,FALSE,FALSE
12/19/2011,Gerri Hinds,US_Enterprise_1480,Enterprise,US,3/1/2012,551586,Lead,55159,FALSE,FALSE,FALSE
12/19/2011,Gerri Hinds,US_Enterprise_426,Enterprise,US,12/19/2011,0,Closed Lost,0,TRUE,FALSE,TRUE
12/19/2011,David King,EMEA_Startup_133,Startup,EMEA,2/4/2012,320431,Lead,32043,FALSE,FALSE,FALSE
12/21/2011,James Swanger,US_SMB_1163,SMB,US,12/21/2011,0,Closed Lost,0,TRUE,FALSE,TRUE
12/21/2011,Anne Smith,US_SMB_1766,SMB,US,12/21/2011,0,Closed Lost,0,TRUE,FALSE,TRUE
12/22/2011,Gerri Hinds,US_SMB_2858,SMB,US,12/22/2011,0,Closed Lost,0,TRUE,FALSE,TRUE
12/22/2011,James Swanger,US_Enterprise_964,Enterprise,US,12/22/2011,0,Closed Lost,0,TRUE,FALSE,TRUE
12/23/2011,Anne Smith,US_Startup_483,Startup,US,1/24/2012,573981,Lead,57398,FALSE,FALSE,FALSE
12/23/2011,Jennifer Weidman,US_SMB_950,SMB,US,2/4/2012,103173,Lead,10317,FALSE,FALSE,FALSE
12/24/2011,Gerri Hinds,US_Enterprise_241,Enterprise,US,3/27/2012,375048,Lead,37505,FALSE,FALSE,FALSE
12/24/2011,Anne Smith,US_Startup_2,Startup,US,1/25/2012,480498,Lead,48050,FALSE,FALSE,FALSE
12/24/2011,Jennifer Weidman,US_SMB_3081,SMB,US,1/20/2012,97765,Prospect,19553,FALSE,FALSE,FALSE
12/25/2011,Gerri Hinds,US_Startup_838,Startup,US,12/25/2011,0,Closed Lost,0,TRUE,FALSE,TRUE
12/26/2011,David King,EMEA_SMB_510,SMB,EMEA,2/6/2012,91448,Lead,9145,FALSE,FALSE,FALSE
12/27/2011,Jennifer Weidman,US_SMB_1445,SMB,US,12/27/2011,0,Closed Lost,0,TRUE,FALSE,TRUE
12/28/2011,Walter Landfair,APAC_Enterprise_651,Enterprise,APAC,3/15/2012,426906,Qualified,213453,FALSE,FALSE,FALSE
12/28/2011,Jennifer Weidman,US_Enterprise_1118,Enterprise,US,3/28/2012,432675,Lead,43267,FALSE,FALSE,FALSE
12/28/2011,Victor Burk,EMEA_Enterprise_66,Enterprise,EMEA,12/28/2011,0,Closed Lost,0,TRUE,FALSE,TRUE
12/29/2011,Anne Smith,US_Enterprise_1302,Enterprise,US,1/30/2012,256496,Contracting,205197,FALSE,FALSE,FALSE
12/29/2011,David King,EMEA_SMB_669,SMB,EMEA,3/6/2012,157220,Lead,15722,FALSE,FALSE,FALSE
12/29/2011,James Swanger,US_Enterprise_1330,Enterprise,US,4/15/2012,418505,Lead,41850,FALSE,FALSE,FALSE
12/29/2011,Walter Landfair,APAC_Enterprise_701,Enterprise,APAC,12/29/2011,0,Closed Lost,0,TRUE,FALSE,TRUE
12/30/2011,Walter Landfair,APAC_Startup_10,Startup,APAC,1/24/2012,679001,Qualified,339501,FALSE,FALSE,FALSE
12/30/2011,Walter Landfair,APAC_Enterprise_578,Enterprise,APAC,6/1/2012,413943,Lead,41394,FALSE,FALSE,FALSE
12/30/2011,Jennifer Weidman,US_SMB_2178,SMB,US,1/23/2012,81727,Contracting,65382,FALSE,FALSE,FALSE
12/30/2011,Victor Burk,EMEA_SMB_1366,SMB,EMEA,2/4/2012,82113,Qualified,41056,FALSE,FALSE,FALSE
12/31/2011,Walter Landfair,APAC_SMB_467,SMB,APAC,2/28/2012,53140,Qualified,26570,FALSE,FALSE,FALSE
12/31/2011,Victor Burk,EMEA_SMB_562,SMB,EMEA,2/18/2012,108322,Lead,10832,FALSE,FALSE,FALSE
12/31/2011,Jennifer Weidman,US_Startup_728,Startup,US,12/31/2011,424617,Closed Won,424617,TRUE,FALSE,TRUE
1/2/2012,Victor Burk,EMEA_SMB_304,SMB,EMEA,1/2/2012,0,Closed Lost,0,TRUE,FALSE,TRUE
1/3/2012,Walter Landfair,APAC_SMB_460,SMB,APAC,1/3/2012,0,Closed Lost,0,TRUE,FALSE,TRUE
1/4/2012,Gerri Hinds,US_SMB_3019,SMB,US,2/15/2012,149830,Lead,14983,FALSE,FALSE,FALSE
1/6/2012,Jennifer Weidman,US_Enterprise_1239,Enterprise,US,1/6/2012,0,Closed Lost,0,TRUE,FALSE,TRUE
1/6/2012,James Swanger,US_SMB_745,SMB,US,1/6/2012,0,Closed Lost,0,TRUE,FALSE,TRUE
1/8/2012,Walter Landfair,APAC_Startup_10,Startup,APAC,1/29/2012,597521,Contracting,478017,FALSE,FALSE,FALSE
1/8/2012,Anne Smith,US_SMB_1334,SMB,US,1/8/2012,0,Closed Lost,0,TRUE,FALSE,TRUE
1/10/2012,Jennifer Weidman,US_SMB_3081,SMB,US,1/10/2012,0,Closed Lost,0,TRUE,FALSE,TRUE
1/12/2012,James Swanger,US_Enterprise_395,Enterprise,US,3/29/2012,396263,Prospect,79253,FALSE,FALSE,FALSE
1/12/2012,David King,EMEA_SMB_1067,SMB,EMEA,3/14/2012,69359,Lead,6936,FALSE,FALSE,FALSE
1/13/2012,Victor Burk,EMEA_SMB_1366,SMB,EMEA,1/13/2012,0,Closed Lost,0,TRUE,FALSE,TRUE
1/14/2012,Walter Landfair,APAC_Startup_13,Startup,APAC,1/14/2012,0,Closed Lost,0,TRUE,FALSE,TRUE
1/14/2012,Walter Landfair,APAC_SMB_18,SMB,APAC,1/14/2012,66694,Closed Won,66694,TRUE,FALSE,TRUE
1/14/2012,Gerri Hinds,US_Enterprise_630,Enterprise,US,4/30/2012,413226,Lead,41323,FALSE,FALSE,FALSE
1/15/2012,Anne Smith,US_Enterprise_648,Enterprise,US,3/7/2012,418467,Lead,41847,FALSE,FALSE,FALSE
1/17/2012,Anne Smith,US_Startup_2,Startup,US,1/17/2012,0,Closed Lost,0,TRUE,FALSE,TRUE
1/17/2012,James Swanger,US_SMB_2424,SMB,US,1/17/2012,0,Closed Lost,0,TRUE,FALSE,TRUE
1/17/2012,Victor Burk,EMEA_SMB_1198,SMB,EMEA,2/13/2012,127966,Lead,12797,FALSE,FALSE,FALSE
1/18/2012,Victor Burk,EMEA_SMB_659,SMB,EMEA,1/18/2012,0,Closed Lost,0,TRUE,FALSE,TRUE
1/19/2012,Gerri Hinds,US_SMB_701,SMB,US,2/29/2012,142532,Lead,14253,FALSE,FALSE,FALSE
1/21/2012,Walter Landfair,APAC_Enterprise_651,Enterprise,APAC,1/21/2012,0,Closed Lost,0,TRUE,FALSE,TRUE
1/21/2012,Jennifer Weidman,US_Enterprise_1430,Enterprise,US,5/11/2012,433622,Lead,43362,FALSE,FALSE,FALSE
1/21/2012,David King,EMEA_Enterprise_209,Enterprise,EMEA,1/21/2012,0,Closed Lost,0,TRUE,FALSE,TRUE
1/22/2012,Anne Smith,US_Enterprise_1388,Enterprise,US,3/3/2012,295743,Contracting,236594,FALSE,FALSE,FALSE
1/22/2012,Anne Smith,US_SMB_1068,SMB,US,1/22/2012,0,Closed Lost,0,TRUE,FALSE,TRUE
1/22/2012,Walter Landfair,APAC_Enterprise_685,Enterprise,APAC,4/16/2012,425687,Qualified,212844,FALSE,FALSE,FALSE
1/22/2012,Victor Burk,EMEA_SMB_530,SMB,EMEA,3/4/2012,109015,Lead,10902,FALSE,FALSE,FALSE
1/23/2012,James Swanger,US_SMB_2369,SMB,US,1/23/2012,0,Closed Lost,0,TRUE,FALSE,TRUE
1/23/2012,David King,EMEA_Startup_133,Startup,EMEA,2/27/2012,299069,Prospect,59814,FALSE,FALSE,TRUE
1/23/2012,Walter Landfair,APAC_SMB_467,SMB,APAC,1/23/2012,0,Closed Lost,0,TRUE,FALSE,TRUE
1/23/2012,Victor Burk,EMEA_SMB_968,SMB,EMEA,2/19/2012,119474,Lead,11947,FALSE,FALSE,FALSE
1/24/2012,Gerri Hinds,US_Startup_928,Startup,US,2/6/2012,494591,Lead,49459,FALSE,FALSE,FALSE
1/24/2012,Walter Landfair,APAC_Enterprise_580,Enterprise,APAC,8/17/2012,427725,Lead,42772,FALSE,FALSE,FALSE
1/24/2012,Walter Landfair,APAC_Startup_24,Startup,APAC,3/10/2012,758954,Lead,75895,FALSE,FALSE,FALSE
1/24/2012,Jennifer Weidman,US_SMB_750,SMB,US,3/3/2012,155554,Lead,15555,FALSE,FALSE,FALSE
1/25/2012,Jennifer Weidman,US_SMB_944,SMB,US,3/5/2012,106135,Lead,10613,FALSE,FALSE,FALSE
1/25/2012,Gerri Hinds,US_SMB_1274,SMB,US,3/7/2012,134017,Lead,13402,FALSE,FALSE,FALSE
1/26/2012,Anne Smith,US_SMB_3216,SMB,US,3/3/2012,123609,Lead,12361,FALSE,FALSE,FALSE
1/26/2012,James Swanger,US_Startup_1083,Startup,US,2/19/2012,489102,Lead,48910,FALSE,FALSE,FALSE
1/26/2012,Walter Landfair,APAC_Enterprise_283,Enterprise,APAC,1/26/2012,0,Closed Lost,0,TRUE,FALSE,TRUE
1/27/2012,James Swanger,US_Startup_865,Startup,US,2/12/2012,562390,Lead,56239,FALSE,FALSE,FALSE
1/28/2012,Anne Smith,US_Startup_483,Startup,US,1/28/2012,0,Closed Lost,0,TRUE,FALSE,TRUE
1/28/2012,Victor Burk,EMEA_SMB_63,SMB,EMEA,3/5/2012,138919,Lead,13892,FALSE,FALSE,FALSE
1/28/2012,Jennifer Weidman,US_SMB_970,SMB,US,3/10/2012,100250,Lead,10025,FALSE,FALSE,FALSE
1/28/2012,Victor Burk,EMEA_Enterprise_443,Enterprise,EMEA,6/19/2012,505183,Lead,50518,FALSE,FALSE,FALSE
1/29/2012,Jennifer Weidman,US_SMB_2178,SMB,US,1/29/2012,67543,Closed Won,67543,TRUE,FALSE,TRUE
1/29/2012,Victor Burk,EMEA_SMB_1344,SMB,EMEA,3/19/2012,89227,Lead,8923,FALSE,FALSE,FALSE
1/29/2012,Jennifer Weidman,US_SMB_296,SMB,US,3/5/2012,126396,Prospect,25279,FALSE,FALSE,FALSE
1/31/2012,David King,EMEA_Enterprise_728,Enterprise,EMEA,7/7/2012,455572,Lead,45557,FALSE,FALSE,FALSE
1/31/2012,Walter Landfair,APAC_SMB_163,SMB,APAC,3/19/2012,74942,Contracting,59954,FALSE,FALSE,FALSE
1/31/2012,Jennifer Weidman,US_Enterprise_1397,Enterprise,US,4/12/2012,353678,Prospect,70736,FALSE,FALSE,TRUE
1/31/2012,Gerri Hinds,US_Enterprise_1063,Enterprise,US,5/24/2012,482583,Lead,48258,FALSE,FALSE,FALSE
2/1/2012,Anne Smith,US_Enterprise_597,Enterprise,US,2/1/2012,0,Closed Lost,0,TRUE,FALSE,TRUE
2/2/2012,Gerri Hinds,US_Enterprise_1093,Enterprise,US,3/21/2012,384324,Lead,38432,FALSE,FALSE,FALSE
2/2/2012,Victor Burk,EMEA_SMB_1129,SMB,EMEA,2/2/2012,0,Closed Lost,0,TRUE,FALSE,TRUE
2/3/2012,Gerri Hinds,US_Startup_928,Startup,US,2/3/2012,0,Closed Lost,0,TRUE,FALSE,TRUE
2/3/2012,Anne Smith,US_Enterprise_1302,Enterprise,US,2/3/2012,0,Closed Lost,0,TRUE,FALSE,TRUE
2/3/2012,Walter Landfair,APAC_Startup_10,Startup,APAC,2/3/2012,543201,Closed Won,543201,TRUE,FALSE,TRUE
2/6/2012,Gerri Hinds,US_Enterprise_1480,Enterprise,US,2/6/2012,0,Closed Lost,0,TRUE,FALSE,TRUE
2/6/2012,Jennifer Weidman,US_Enterprise_981,Enterprise,US,3/16/2012,616873,Lead,61687,FALSE,FALSE,FALSE
2/8/2012,Victor Burk,EMEA_SMB_705,SMB,EMEA,3/31/2012,78138,Lead,7814,FALSE,FALSE,FALSE
2/9/2012,Jennifer Weidman,US_SMB_648,SMB,US,3/15/2012,96281,Lead,9628,FALSE,FALSE,FALSE
2/9/2012,Walter Landfair,APAC_Enterprise_734,Enterprise,APAC,7/6/2012,465171,Lead,46517,FALSE,FALSE,FALSE
2/9/2012,Jennifer Weidman,US_SMB_950,SMB,US,2/9/2012,0,Closed Lost,0,TRUE,FALSE,TRUE
2/10/2012,Jennifer Weidman,US_SMB_1802,SMB,US,3/17/2012,72310,Lead,7231,FALSE,FALSE,FALSE
2/10/2012,Gerri Hinds,US_Startup_745,Startup,US,3/26/2012,641847,Lead,64185,FALSE,FALSE,FALSE
2/11/2012,David King,EMEA_SMB_510,SMB,EMEA,2/11/2012,0,Closed Lost,0,TRUE,FALSE,TRUE
2/13/2012,James Swanger,US_Startup_865,Startup,US,2/13/2012,0,Closed Lost,0,TRUE,FALSE,TRUE
2/14/2012,Walter Landfair,APAC_Enterprise_127,Enterprise,APAC,2/14/2012,0,Closed Lost,0,TRUE,FALSE,TRUE
2/14/2012,David King,EMEA_SMB_1289,SMB,EMEA,3/9/2012,123847,Lead,12385,FALSE,FALSE,FALSE
2/14/2012,Jennifer Weidman,US_Enterprise_365,Enterprise,US,2/14/2012,0,Closed Lost,0,TRUE,FALSE,TRUE
2/15/2012,Gerri Hinds,US_Enterprise_465,Enterprise,US,5/31/2012,651754,Lead,65175,FALSE,FALSE,FALSE
2/15/2012,James Swanger,US_Enterprise_395,Enterprise,US,2/15/2012,0,Closed Lost,0,TRUE,FALSE,TRUE
2/16/2012,Victor Burk,EMEA_SMB_1198,SMB,EMEA,2/16/2012,0,Closed Lost,0,TRUE,FALSE,TRUE
2/17/2012,Gerri Hinds,US_SMB_1077,SMB,US,4/2/2012,107419,Lead,10742,FALSE,FALSE,FALSE
2/17/2012,James Swanger,US_Enterprise_1143,Enterprise,US,2/17/2012,0,Closed Lost,0,TRUE,FALSE,TRUE
2/18/2012,Walter Landfair,APAC_Enterprise_685,Enterprise,APAC,4/29/2012,374605,Contracting,299684,FALSE,FALSE,FALSE
2/18/2012,David King,EMEA_Startup_133,Startup,EMEA,3/10/2012,234983,Contracting,187986,FALSE,FALSE,FALSE
2/18/2012,Victor Burk,EMEA_Enterprise_140,Enterprise,EMEA,5/23/2012,643948,Lead,64395,FALSE,FALSE,FALSE
2/19/2012,James Swanger,US_Enterprise_347,Enterprise,US,2/19/2012,0,Closed Lost,0,TRUE,FALSE,TRUE
2/19/2012,Anne Smith,US_Enterprise_648,Enterprise,US,3/29/2012,390569,Prospect,78114,FALSE,FALSE,FALSE
2/19/2012,Gerri Hinds,US_SMB_3019,SMB,US,2/19/2012,0,Closed Lost,0,TRUE,FALSE,TRUE
2/20/2012,David King,EMEA_SMB_880,SMB,EMEA,3/20/2012,77955,Lead,7795,FALSE,FALSE,FALSE
2/20/2012,Gerri Hinds,US_SMB_1965,SMB,US,3/16/2012,125131,Lead,12513,FALSE,FALSE,FALSE
2/20/2012,Anne Smith,US_SMB_2811,SMB,US,3/25/2012,98895,Lead,9890,FALSE,FALSE,FALSE
2/20/2012,Walter Landfair,APAC_SMB_279,SMB,APAC,4/24/2012,84296,Lead,8430,FALSE,FALSE,FALSE
2/20/2012,Anne Smith,US_Enterprise_1173,Enterprise,US,5/31/2012,498377,Lead,49838,FALSE,FALSE,FALSE
2/21/2012,Jennifer Weidman,US_SMB_296,SMB,US,2/21/2012,0,Closed Lost,0,TRUE,FALSE,TRUE
2/21/2012,Walter Landfair,APAC_Enterprise_55,Enterprise,APAC,6/4/2012,508858,Qualified,254429,FALSE,FALSE,FALSE
2/21/2012,Gerri Hinds,US_Enterprise_863,Enterprise,US,5/3/2012,370410,Lead,37041,FALSE,FALSE,FALSE
2/22/2012,James Swanger,US_Startup_1083,Startup,US,2/22/2012,0,Closed Lost,0,TRUE,FALSE,TRUE
2/22/2012,Victor Burk,EMEA_SMB_968,SMB,EMEA,3/17/2012,104076,Prospect,20815,FALSE,FALSE,FALSE
2/23/2012,Victor Burk,EMEA_SMB_562,SMB,EMEA,2/23/2012,0,Closed Lost,0,TRUE,FALSE,TRUE
2/24/2012,David King,EMEA_SMB_402,SMB,EMEA,4/26/2012,102324,Lead,10232,FALSE,FALSE,FALSE
2/24/2012,Gerri Hinds,US_Enterprise_241,Enterprise,US,2/24/2012,0,Closed Lost,0,TRUE,FALSE,TRUE
2/24/2012,Gerri Hinds,US_SMB_935,SMB,US,3/29/2012,83969,Lead,8397,FALSE,FALSE,FALSE
2/25/2012,Walter Landfair,APAC_Enterprise_497,Enterprise,APAC,7/2/2012,493309,Lead,49331,FALSE,FALSE,FALSE
2/26/2012,Jennifer Weidman,US_Enterprise_1118,Enterprise,US,5/5/2012,403830,Prospect,80766,FALSE,FALSE,FALSE
2/27/2012,David King,EMEA_Enterprise_62,Enterprise,EMEA,5/30/2012,412299,Prospect,82460,FALSE,FALSE,FALSE
2/27/2012,Jennifer Weidman,US_SMB_298,SMB,US,3/29/2012,97003,Lead,9700,FALSE,FALSE,FALSE
2/27/2012,Walter Landfair,APAC_Startup_24,Startup,APAC,2/27/2012,0,Closed Lost,0,TRUE,FALSE,TRUE
2/28/2012,James Swanger,US_Enterprise_1457,Enterprise,US,6/18/2012,449512,Lead,44951,FALSE,FALSE,FALSE
2/28/2012,Jennifer Weidman,US_SMB_1899,SMB,US,4/6/2012,129508,Lead,12951,FALSE,FALSE,FALSE
2/28/2012,Victor Burk,EMEA_SMB_4,SMB,EMEA,4/10/2012,124565,Lead,12457,FALSE,FALSE,FALSE
2/29/2012,Jennifer Weidman,US_Enterprise_568,Enterprise,US,5/18/2012,589071,Lead,58907,FALSE,FALSE,FALSE
3/3/2012,Jennifer Weidman,US_Enterprise_981,Enterprise,US,3/3/2012,0,Closed Lost,0,TRUE,FALSE,TRUE
3/3/2012,Jennifer Weidman,US_SMB_3292,SMB,US,4/6/2012,101797,Lead,10180,FALSE,FALSE,FALSE
3/3/2012,David King,EMEA_Enterprise_749,Enterprise,EMEA,5/28/2012,305168,Prospect,61034,FALSE,FALSE,FALSE
3/4/2012,Gerri Hinds,US_SMB_701,SMB,US,3/4/2012,0,Closed Lost,0,TRUE,FALSE,TRUE
3/5/2012,James Swanger,US_Startup_978,Startup,US,4/18/2012,476262,Lead,47626,FALSE,FALSE,FALSE
3/5/2012,Gerri Hinds,US_Enterprise_1093,Enterprise,US,3/5/2012,0,Closed Lost,0,TRUE,FALSE,TRUE
3/5/2012,Gerri Hinds,US_Enterprise_1167,Enterprise,US,5/13/2012,460122,Lead,46012,FALSE,FALSE,FALSE
3/6/2012,Walter Landfair,APAC_SMB_450,SMB,APAC,4/28/2012,133452,Lead,13345,FALSE,FALSE,FALSE
3/7/2012,Anne Smith,US_SMB_3216,SMB,US,3/7/2012,0,Closed Lost,0,TRUE,FALSE,TRUE
3/7/2012,Gerri Hinds,US_SMB_1694,SMB,US,4/15/2012,135259,Lead,13526,FALSE,FALSE,FALSE
3/7/2012,Anne Smith,US_Enterprise_1388,Enterprise,US,3/7/2012,0,Closed Lost,0,TRUE,FALSE,TRUE
3/8/2012,Victor Burk,EMEA_SMB_530,SMB,EMEA,3/8/2012,0,Closed Lost,0,TRUE,FALSE,TRUE
3/8/2012,Victor Burk,EMEA_SMB_968,SMB,EMEA,3/8/2012,0,Closed Lost,0,TRUE,FALSE,TRUE
3/9/2012,Anne Smith,US_SMB_1105,SMB,US,4/8/2012,73354,Lead,7335,FALSE,FALSE,FALSE
3/9/2012,Victor Burk,EMEA_SMB_63,SMB,EMEA,3/9/2012,0,Closed Lost,0,TRUE,FALSE,TRUE
3/10/2012,Jennifer Weidman,US_SMB_944,SMB,US,3/10/2012,0,Closed Lost,0,TRUE,FALSE,TRUE
3/10/2012,Jennifer Weidman,US_Enterprise_99,Enterprise,US,5/4/2012,426625,Lead,42663,FALSE,FALSE,FALSE
3/10/2012,James Swanger,US_Enterprise_1330,Enterprise,US,3/10/2012,0,Closed Lost,0,TRUE,FALSE,TRUE
3/10/2012,Gerri Hinds,US_SMB_1297,SMB,US,5/4/2012,108800,Lead,10880,FALSE,FALSE,FALSE
3/11/2012,Victor Burk,EMEA_Enterprise_815,Enterprise,EMEA,3/11/2012,0,Closed Lost,0,TRUE,FALSE,TRUE
3/11/2012,David King,EMEA_SMB_1289,SMB,EMEA,3/11/2012,0,Closed Lost,0,TRUE,FALSE,TRUE
3/12/2012,Gerri Hinds,US_SMB_1274,SMB,US,3/12/2012,0,Closed Lost,0,TRUE,FALSE,TRUE
3/12/2012,David King,EMEA_Enterprise_49,Enterprise,EMEA,6/3/2012,481788,Lead,48179,FALSE,FALSE,FALSE
3/14/2012,David King,EMEA_SMB_669,SMB,EMEA,3/14/2012,0,Closed Lost,0,TRUE,FALSE,TRUE
3/14/2012,Gerri Hinds,US_Startup_745,Startup,US,3/14/2012,0,Closed Lost,0,TRUE,FALSE,TRUE
3/15/2012,Jennifer Weidman,US_SMB_970,SMB,US,3/15/2012,0,Closed Lost,0,TRUE,FALSE,TRUE
3/15/2012,David King,EMEA_Startup_133,Startup,EMEA,3/15/2012,213621,Closed Won,213621,TRUE,FALSE,TRUE
3/15/2012,Jennifer Weidman,US_Startup_162,Startup,US,4/11/2012,446433,Lead,44643,FALSE,FALSE,FALSE
3/16/2012,Anne Smith,US_Enterprise_648,Enterprise,US,3/16/2012,0,Closed Lost,0,TRUE,FALSE,TRUE
3/18/2012,Gerri Hinds,US_SMB_1965,SMB,US,3/18/2012,0,Closed Lost,0,TRUE,FALSE,TRUE
3/18/2012,David King,EMEA_SMB_426,SMB,EMEA,4/27/2012,128914,Lead,12891,FALSE,FALSE,FALSE
3/18/2012,Jennifer Weidman,US_SMB_648,SMB,US,4/18/2012,83871,Prospect,16774,FALSE,FALSE,FALSE
3/19/2012,James Swanger,US_Startup_285,Startup,US,4/14/2012,634739,Lead,63474,FALSE,FALSE,FALSE
3/19/2012,Jennifer Weidman,US_Enterprise_1397,Enterprise,US,5/2/2012,277890,Contracting,222312,FALSE,FALSE,FALSE
3/21/2012,Walter Landfair,APAC_Enterprise_669,Enterprise,APAC,3/21/2012,0,Closed Lost,0,TRUE,FALSE,TRUE
3/21/2012,Anne Smith,US_SMB_1614,SMB,US,4/19/2012,91265,Lead,9126,FALSE,FALSE,FALSE
3/21/2012,David King,EMEA_SMB_1067,SMB,EMEA,3/21/2012,0,Closed Lost,0,TRUE,FALSE,TRUE
3/21/2012,Jennifer Weidman,US_SMB_1802,SMB,US,3/21/2012,0,Closed Lost,0,TRUE,FALSE,TRUE
3/23/2012,David King,EMEA_SMB_880,SMB,EMEA,3/23/2012,0,Closed Lost,0,TRUE,FALSE,TRUE
3/24/2012,Victor Burk,EMEA_Startup_59,Startup,EMEA,5/28/2012,612435,Lead,61243,FALSE,FALSE,FALSE
3/24/2012,James Swanger,US_Enterprise_178,Enterprise,US,7/8/2012,438201,Lead,43820,FALSE,FALSE,FALSE
3/24/2012,Victor Burk,EMEA_SMB_1344,SMB,EMEA,3/24/2012,0,Closed Lost,0,TRUE,FALSE,TRUE
3/24/2012,Gerri Hinds,US_Enterprise_266,Enterprise,US,6/29/2012,436187,Lead,43619,FALSE,FALSE,FALSE
3/25/2012,Walter Landfair,APAC_Enterprise_55,Enterprise,APAC,6/21/2012,447795,Contracting,358236,FALSE,FALSE,FALSE
3/25/2012,Gerri Hinds,US_Enterprise_630,Enterprise,US,3/25/2012,0,Closed Lost,0,TRUE,FALSE,TRUE
3/25/2012,James Swanger,US_SMB_605,SMB,US,5/22/2012,122138,Lead,12214,FALSE,FALSE,FALSE
3/25/2012,Walter Landfair,APAC_Enterprise_132,Enterprise,APAC,8/25/2012,319769,Lead,31977,FALSE,FALSE,FALSE
3/26/2012,Walter Landfair,APAC_Enterprise_661,Enterprise,APAC,3/26/2012,0,Closed Lost,0,TRUE,FALSE,TRUE
3/26/2012,James Swanger,US_SMB_1224,SMB,US,5/1/2012,122872,Lead,12287,FALSE,FALSE,FALSE
3/28/2012,Jennifer Weidman,US_Enterprise_1118,Enterprise,US,3/28/2012,0,Closed Lost,0,TRUE,FALSE,TRUE
3/29/2012,Anne Smith,US_SMB_2811,SMB,US,3/29/2012,0,Closed Lost,0,TRUE,FALSE,TRUE
3/29/2012,Jennifer Weidman,US_SMB_750,SMB,US,3/29/2012,0,Closed Lost,0,TRUE,FALSE,TRUE
3/30/2012,Walter Landfair,APAC_SMB_163,SMB,APAC,3/30/2012,61936,Closed Won,61936,TRUE,FALSE,TRUE
3/30/2012,Anne Smith,US_Startup_302,Startup,US,5/8/2012,677460,Lead,67746,FALSE,FALSE,FALSE
3/31/2012,Gerri Hinds,US_Enterprise_1250,Enterprise,US,7/22/2012,518007,Lead,51801,FALSE,FALSE,FALSE
4/1/2012,Jennifer Weidman,US_Enterprise_336,Enterprise,US,6/16/2012,242673,Lead,24267,FALSE,FALSE,FALSE
4/1/2012,Anne Smith,US_Startup_1056,Startup,US,5/15/2012,644117,Lead,64412,FALSE,FALSE,FALSE
4/1/2012,Gerri Hinds,US_SMB_935,SMB,US,4/1/2012,0,Closed Lost,0,TRUE,FALSE,TRUE
4/4/2012,Jennifer Weidman,US_Enterprise_1430,Enterprise,US,4/4/2012,0,Closed Lost,0,TRUE,FALSE,TRUE
4/4/2012,Jennifer Weidman,US_Startup_162,Startup,US,4/4/2012,0,Closed Lost,0,TRUE,FALSE,TRUE
4/4/2012,Walter Landfair,APAC_Startup_128,Startup,APAC,6/6/2012,757786,Lead,75779,FALSE,FALSE,FALSE
4/5/2012,David King,EMEA_SMB_941,SMB,EMEA,6/13/2012,95046,Lead,9505,FALSE,FALSE,FALSE
4/5/2012,Victor Burk,EMEA_Startup_57,Startup,EMEA,6/3/2012,630480,Lead,63048,FALSE,FALSE,FALSE
4/5/2012,Anne Smith,US_Enterprise_507,Enterprise,US,8/18/2012,444013,Lead,44401,FALSE,FALSE,FALSE
4/5/2012,Victor Burk,EMEA_SMB_705,SMB,EMEA,4/5/2012,0,Closed Lost,0,TRUE,FALSE,TRUE
4/6/2012,James Swanger,US_SMB_1979,SMB,US,5/28/2012,140326,Lead,14033,FALSE,FALSE,FALSE
4/6/2012,James Swanger,US_Startup_978,Startup,US,4/6/2012,0,Closed Lost,0,TRUE,FALSE,TRUE
4/7/2012,James Swanger,US_Startup_285,Startup,US,4/7/2012,0,Closed Lost,0,TRUE,FALSE,TRUE
4/7/2012,Gerri Hinds,US_SMB_1077,SMB,US,5/17/2012,93574,Prospect,18715,FALSE,FALSE,FALSE
4/8/2012,David King,EMEA_Enterprise_62,Enterprise,EMEA,4/8/2012,0,Closed Lost,0,TRUE,FALSE,TRUE
4/9/2012,Gerri Hinds,US_Enterprise_863,Enterprise,US,4/9/2012,0,Closed Lost,0,TRUE,FALSE,TRUE
4/10/2012,Gerri Hinds,US_SMB_1252,SMB,US,5/16/2012,55513,Lead,5551,FALSE,FALSE,FALSE
4/10/2012,Jennifer Weidman,US_Startup_1109,Startup,US,5/11/2012,709651,Lead,70965,FALSE,FALSE,FALSE
4/10/2012,Jennifer Weidman,US_SMB_3292,SMB,US,4/10/2012,0,Closed Lost,0,TRUE,FALSE,TRUE
4/10/2012,David King,EMEA_Enterprise_749,Enterprise,EMEA,4/10/2012,0,Closed Lost,0,TRUE,FALSE,TRUE
4/11/2012,Jennifer Weidman,US_SMB_1899,SMB,US,5/14/2012,112816,Prospect,22563,FALSE,FALSE,FALSE
4/11/2012,Walter Landfair,APAC_Enterprise_578,Enterprise,APAC,4/11/2012,0,Closed Lost,0,TRUE,FALSE,TRUE
4/11/2012,Anne Smith,US_SMB_1105,SMB,US,4/11/2012,0,Closed Lost,0,TRUE,FALSE,TRUE
4/12/2012,David King,EMEA_SMB_622,SMB,EMEA,5/5/2012,71612,Lead,7161,FALSE,FALSE,FALSE
4/13/2012,Walter Landfair,APAC_Enterprise_269,Enterprise,APAC,10/14/2012,512434,Lead,51243,FALSE,FALSE,FALSE
4/13/2012,Jennifer Weidman,US_SMB_2986,SMB,US,6/3/2012,84246,Lead,8425,FALSE,FALSE,FALSE
4/14/2012,Gerri Hinds,US_SMB_3176,SMB,US,6/5/2012,106314,Lead,10631,FALSE,FALSE,FALSE
4/14/2012,Jennifer Weidman,US_Startup_363,Startup,US,5/31/2012,508747,Lead,50875,FALSE,FALSE,FALSE
4/15/2012,Gerri Hinds,US_SMB_2643,SMB,US,5/30/2012,140559,Lead,14056,FALSE,FALSE,FALSE
4/15/2012,Gerri Hinds,US_SMB_456,SMB,US,5/13/2012,100366,Lead,10037,FALSE,FALSE,FALSE
4/15/2012,Victor Burk,EMEA_SMB_4,SMB,EMEA,5/22/2012,108510,Prospect,21702,FALSE,FALSE,FALSE
4/15/2012,Gerri Hinds,US_SMB_2706,SMB,US,5/17/2012,97118,Lead,9712,FALSE,FALSE,FALSE
4/16/2012,Jennifer Weidman,US_Enterprise_99,Enterprise,US,4/16/2012,0,Closed Lost,0,TRUE,FALSE,TRUE
4/16/2012,Gerri Hinds,US_Enterprise_1063,Enterprise,US,7/10/2012,450411,Prospect,90082,FALSE,FALSE,FALSE
4/17/2012,Jennifer Weidman,US_SMB_648,SMB,US,4/17/2012,0,Closed Lost,0,TRUE,FALSE,TRUE
4/19/2012,James Swanger,US_Startup_435,Startup,US,5/17/2012,407035,Lead,40704,FALSE,FALSE,FALSE
4/19/2012,Gerri Hinds,US_SMB_1694,SMB,US,4/19/2012,0,Closed Lost,0,TRUE,FALSE,TRUE
4/19/2012,James Swanger,US_Enterprise_1495,Enterprise,US,7/9/2012,355907,Lead,35591,FALSE,FALSE,FALSE
4/19/2012,Anne Smith,US_Startup_205,Startup,US,4/19/2012,0,Closed Lost,0,TRUE,FALSE,TRUE
4/20/2012,Jennifer Weidman,US_SMB_2691,SMB,US,5/25/2012,109199,Lead,10920,FALSE,FALSE,FALSE
4/20/2012,Gerri Hinds,US_SMB_1146,SMB,US,5/24/2012,82655,Lead,8266,FALSE,FALSE,FALSE
4/20/2012,Gerri Hinds,US_Enterprise_1167,Enterprise,US,6/11/2012,429447,Prospect,85889,FALSE,FALSE,FALSE
4/21/2012,James Swanger,US_Startup_266,Startup,US,5/31/2012,202867,Lead,20287,FALSE,FALSE,FALSE
4/21/2012,Victor Burk,EMEA_Enterprise_551,Enterprise,EMEA,7/14/2012,260181,Lead,26018,FALSE,FALSE,FALSE
4/22/2012,Jennifer Weidman,US_SMB_129,SMB,US,6/1/2012,103532,Lead,10353,FALSE,FALSE,FALSE
4/22/2012,Victor Burk,EMEA_Enterprise_140,Enterprise,EMEA,4/22/2012,0,Closed Lost,0,TRUE,FALSE,TRUE
4/22/2012,Jennifer Weidman,US_SMB_2057,SMB,US,6/11/2012,120632,Lead,12063,FALSE,FALSE,FALSE
4/22/2012,Jennifer Weidman,US_Enterprise_568,Enterprise,US,6/20/2012,549800,Prospect,109960,FALSE,FALSE,FALSE
4/22/2012,Walter Landfair,APAC_SMB_311,SMB,APAC,7/4/2012,95044,Lead,9504,FALSE,FALSE,FALSE
4/23/2012,Anne Smith,US_SMB_1614,SMB,US,4/23/2012,0,Closed Lost,0,TRUE,FALSE,TRUE
4/23/2012,Walter Landfair,APAC_SMB_210,SMB,APAC,6/20/2012,137723,Lead,13772,FALSE,FALSE,FALSE
4/26/2012,David King,EMEA_Enterprise_98,Enterprise,EMEA,8/2/2012,437126,Lead,43713,FALSE,FALSE,FALSE
4/26/2012,Gerri Hinds,US_Enterprise_465,Enterprise,US,4/26/2012,0,Closed Lost,0,TRUE,FALSE,TRUE
4/26/2012,Anne Smith,US_SMB_2831,SMB,US,6/15/2012,131825,Lead,13183,FALSE,FALSE,FALSE
4/27/2012,James Swanger,US_Enterprise_579,Enterprise,US,7/18/2012,601464,Lead,60146,FALSE,FALSE,FALSE
4/27/2012,Anne Smith,US_Enterprise_1173,Enterprise,US,7/11/2012,465152,Prospect,93030,FALSE,FALSE,FALSE
4/27/2012,Gerri Hinds,US_Startup_250,Startup,US,5/26/2012,424251,Lead,42425,FALSE,FALSE,FALSE
4/28/2012,Anne Smith,US_Startup_302,Startup,US,4/28/2012,0,Closed Lost,0,TRUE,FALSE,TRUE
4/28/2012,Jennifer Weidman,US_SMB_298,SMB,US,4/28/2012,0,Closed Lost,0,TRUE,FALSE,TRUE
4/28/2012,Victor Burk,EMEA_SMB_271,SMB,EMEA,6/21/2012,109048,Lead,10905,FALSE,FALSE,FALSE
4/28/2012,Anne Smith,US_SMB_197,SMB,US,5/28/2012,107297,Lead,10730,FALSE,FALSE,FALSE
4/29/2012,Walter Landfair,APAC_Enterprise_243,Enterprise,APAC,12/3/2012,438197,Lead,43820,FALSE,FALSE,FALSE
4/30/2012,Anne Smith,US_Startup_409,Startup,US,6/8/2012,644729,Lead,64473,FALSE,FALSE,FALSE
5/1/2012,David King,EMEA_Enterprise_252,Enterprise,EMEA,8/31/2012,419853,Lead,41985,FALSE,FALSE,FALSE
5/1/2012,Victor Burk,EMEA_SMB_717,SMB,EMEA,7/3/2012,125647,Lead,12565,FALSE,FALSE,FALSE
5/1/2012,David King,EMEA_SMB_426,SMB,EMEA,5/1/2012,0,Closed Lost,0,TRUE,FALSE,TRUE
5/1/2012,Walter Landfair,APAC_SMB_279,SMB,APAC,6/27/2012,73431,Prospect,14686,FALSE,FALSE,TRUE
5/1/2012,Victor Burk,EMEA_SMB_793,SMB,EMEA,6/28/2012,111189,Lead,11119,FALSE,FALSE,FALSE
5/2/2012,James Swanger,US_Enterprise_764,Enterprise,US,7/11/2012,443566,Lead,44357,FALSE,FALSE,FALSE
5/2/2012,Jennifer Weidman,US_SMB_1899,SMB,US,5/2/2012,0,Closed Lost,0,TRUE,FALSE,TRUE
5/2/2012,Gerri Hinds,US_SMB_1077,SMB,US,5/2/2012,0,Closed Lost,0,TRUE,FALSE,TRUE
5/3/2012,Victor Burk,EMEA_Enterprise_443,Enterprise,EMEA,5/3/2012,0,Closed Lost,0,TRUE,FALSE,TRUE
5/3/2012,Jennifer Weidman,US_Startup_1109,Startup,US,5/3/2012,0,Closed Lost,0,TRUE,FALSE,TRUE
5/3/2012,David King,EMEA_SMB_402,SMB,EMEA,5/3/2012,0,Closed Lost,0,TRUE,FALSE,TRUE
5/4/2012,Walter Landfair,APAC_SMB_450,SMB,APAC,5/4/2012,0,Closed Lost,0,TRUE,FALSE,TRUE
5/4/2012,Anne Smith,US_Startup_1056,Startup,US,5/4/2012,0,Closed Lost,0,TRUE,FALSE,TRUE
5/4/2012,James Swanger,US_SMB_2103,SMB,US,6/8/2012,81942,Lead,8194,FALSE,FALSE,FALSE
5/5/2012,James Swanger,US_SMB_1224,SMB,US,5/5/2012,0,Closed Lost,0,TRUE,FALSE,TRUE
5/6/2012,David King,EMEA_Enterprise_49,Enterprise,EMEA,7/7/2012,449669,Prospect,89934,FALSE,FALSE,FALSE
5/6/2012,Victor Burk,EMEA_Enterprise_623,Enterprise,EMEA,9/17/2012,226118,Lead,22612,FALSE,FALSE,FALSE
5/6/2012,Gerri Hinds,US_SMB_882,SMB,US,6/8/2012,155979,Lead,15598,FALSE,FALSE,FALSE
5/6/2012,Jennifer Weidman,US_Enterprise_1397,Enterprise,US,5/6/2012,252627,Closed Won,252627,TRUE,FALSE,TRUE
5/7/2012,Walter Landfair,APAC_Enterprise_685,Enterprise,APAC,5/7/2012,0,Closed Lost,0,TRUE,FALSE,TRUE
5/7/2012,Walter Landfair,APAC_Enterprise_659,Enterprise,APAC,9/25/2012,551044,Lead,55104,FALSE,FALSE,FALSE
5/9/2012,David King,EMEA_SMB_1097,SMB,EMEA,6/21/2012,105784,Lead,10578,FALSE,FALSE,FALSE
5/10/2012,James Swanger,US_Startup_435,Startup,US,5/10/2012,0,Closed Lost,0,TRUE,FALSE,TRUE
5/10/2012,Victor Burk,EMEA_SMB_174,SMB,EMEA,6/26/2012,89788,Lead,8979,FALSE,FALSE,FALSE
5/10/2012,Gerri Hinds,US_SMB_1297,SMB,US,5/10/2012,0,Closed Lost,0,TRUE,FALSE,TRUE
5/10/2012,Gerri Hinds,US_SMB_2053,SMB,US,7/7/2012,90939,Lead,9094,FALSE,FALSE,FALSE
5/11/2012,Victor Burk,EMEA_Startup_59,Startup,EMEA,6/29/2012,571606,Prospect,114321,FALSE,FALSE,FALSE
5/12/2012,James Swanger,US_Enterprise_1457,Enterprise,US,5/12/2012,0,Closed Lost,0,TRUE,FALSE,TRUE
5/12/2012,Jennifer Weidman,US_Enterprise_1328,Enterprise,US,7/6/2012,435504,Lead,43550,FALSE,FALSE,FALSE
5/13/2012,Gerri Hinds,US_SMB_3235,SMB,US,6/27/2012,128000,Lead,12800,FALSE,FALSE,FALSE
5/13/2012,Gerri Hinds,US_Enterprise_1167,Enterprise,US,5/13/2012,0,Closed Lost,0,TRUE,FALSE,TRUE
5/14/2012,David King,EMEA_Enterprise_19,Enterprise,EMEA,10/17/2012,325577,Lead,32558,FALSE,FALSE,FALSE
5/15/2012,Victor Burk,EMEA_Enterprise_458,Enterprise,EMEA,8/29/2012,456725,Lead,45672,FALSE,FALSE,FALSE
5/15/2012,David King,EMEA_Enterprise_728,Enterprise,EMEA,9/11/2012,425200,Prospect,85040,FALSE,FALSE,FALSE
5/16/2012,Gerri Hinds,US_SMB_456,SMB,US,5/16/2012,0,Closed Lost,0,TRUE,FALSE,TRUE
5/17/2012,James Swanger,US_Enterprise_356,Enterprise,US,8/11/2012,541110,Lead,54111,FALSE,FALSE,FALSE
5/18/2012,Walter Landfair,APAC_Enterprise_734,Enterprise,APAC,9/6/2012,434159,Prospect,86832,FALSE,FALSE,FALSE
5/18/2012,Gerri Hinds,US_Startup_250,Startup,US,5/18/2012,0,Closed Lost,0,TRUE,FALSE,TRUE
5/18/2012,Jennifer Weidman,US_Enterprise_568,Enterprise,US,5/18/2012,0,Closed Lost,0,TRUE,FALSE,TRUE
5/18/2012,David King,EMEA_SMB_511,SMB,EMEA,7/14/2012,108798,Lead,10880,FALSE,FALSE,FALSE
5/18/2012,Victor Burk,EMEA_Startup_57,Startup,EMEA,5/18/2012,0,Closed Lost,0,TRUE,FALSE,TRUE
5/19/2012,James Swanger,US_SMB_2114,SMB,US,6/7/2012,99473,Lead,9947,FALSE,FALSE,FALSE
5/19/2012,Gerri Hinds,US_Enterprise_934,Enterprise,US,8/31/2012,556971,Lead,55697,FALSE,FALSE,FALSE
5/19/2012,Gerri Hinds,US_Startup_1068,Startup,US,6/13/2012,671060,Lead,67106,FALSE,FALSE,FALSE
5/19/2012,Jennifer Weidman,US_Startup_363,Startup,US,5/19/2012,0,Closed Lost,0,TRUE,FALSE,TRUE
5/20/2012,Victor Burk,EMEA_SMB_4,SMB,EMEA,5/20/2012,0,Closed Lost,0,TRUE,FALSE,TRUE
5/20/2012,David King,EMEA_SMB_622,SMB,EMEA,5/20/2012,0,Closed Lost,0,TRUE,FALSE,TRUE
5/20/2012,Walter Landfair,APAC_Enterprise_497,Enterprise,APAC,5/20/2012,0,Closed Lost,0,TRUE,FALSE,TRUE
5/20/2012,Gerri Hinds,US_SMB_1252,SMB,US,5/20/2012,0,Closed Lost,0,TRUE,FALSE,TRUE
5/21/2012,Walter Landfair,APAC_Startup_128,Startup,APAC,7/7/2012,707267,Prospect,141453,FALSE,FALSE,TRUE
5/21/2012,James Swanger,US_Startup_266,Startup,US,6/20/2012,189343,Prospect,37869,FALSE,FALSE,FALSE
5/21/2012,Gerri Hinds,US_SMB_2706,SMB,US,5/21/2012,0,Closed Lost,0,TRUE,FALSE,TRUE
5/22/2012,Jennifer Weidman,US_Enterprise_336,Enterprise,US,7/18/2012,226495,Prospect,45299,FALSE,FALSE,TRUE
5/23/2012,David King,EMEA_Startup_130,Startup,EMEA,7/7/2012,672552,Lead,67255,FALSE,FALSE,FALSE
5/24/2012,Gerri Hinds,US_Enterprise_1063,Enterprise,US,5/24/2012,0,Closed Lost,0,TRUE,FALSE,TRUE
5/25/2012,David King,EMEA_SMB_59,SMB,EMEA,7/21/2012,109625,Lead,10962,FALSE,FALSE,FALSE
5/27/2012,Gerri Hinds,US_SMB_1146,SMB,US,5/27/2012,0,Closed Lost,0,TRUE,FALSE,TRUE
5/28/2012,Gerri Hinds,US_Enterprise_266,Enterprise,US,5/28/2012,0,Closed Lost,0,TRUE,FALSE,TRUE
5/28/2012,James Swanger,US_Enterprise_1296,Enterprise,US,8/11/2012,446688,Lead,44669,FALSE,FALSE,FALSE
5/28/2012,Jennifer Weidman,US_SMB_1987,SMB,US,6/27/2012,99331,Lead,9933,FALSE,FALSE,FALSE
5/28/2012,James Swanger,US_SMB_605,SMB,US,5/28/2012,0,Closed Lost,0,TRUE,FALSE,TRUE
5/29/2012,Jennifer Weidman,US_SMB_2691,SMB,US,6/28/2012,95124,Prospect,19025,FALSE,FALSE,FALSE
5/29/2012,Anne Smith,US_SMB_312,SMB,US,7/17/2012,119409,Lead,11941,FALSE,FALSE,FALSE
5/29/2012,Anne Smith,US_Startup_409,Startup,US,6/28/2012,601747,Prospect,120349,FALSE,FALSE,TRUE
5/29/2012,Walter Landfair,APAC_Enterprise_656,Enterprise,APAC,8/7/2012,497208,Lead,49721,FALSE,FALSE,FALSE
5/31/2012,Anne Smith,US_Enterprise_1173,Enterprise,US,5/31/2012,0,Closed Lost,0,TRUE,FALSE,TRUE
5/31/2012,Jennifer Weidman,US_SMB_1054,SMB,US,7/2/2012,101000,Lead,10100,FALSE,FALSE,FALSE
5/31/2012,Anne Smith,US_SMB_197,SMB,US,5/31/2012,0,Closed Lost,0,TRUE,FALSE,TRUE
6/1/2012,Jennifer Weidman,US_Enterprise_246,Enterprise,US,9/22/2012,473410,Lead,47341,FALSE,FALSE,FALSE
6/2/2012,Gerri Hinds,US_SMB_1265,SMB,US,7/8/2012,113566,Lead,11357,FALSE,FALSE,FALSE
6/2/2012,James Swanger,US_SMB_1753,SMB,US,7/1/2012,140984,Lead,14098,FALSE,FALSE,FALSE
6/3/2012,James Swanger,US_Enterprise_178,Enterprise,US,8/21/2012,408988,Prospect,81798,FALSE,FALSE,FALSE
6/3/2012,Jennifer Weidman,US_SMB_339,SMB,US,7/8/2012,95568,Lead,9557,FALSE,FALSE,FALSE
6/3/2012,Walter Landfair,APAC_SMB_584,SMB,APAC,8/27/2012,121707,Lead,12171,FALSE,FALSE,FALSE
6/3/2012,Victor Burk,EMEA_Enterprise_459,Enterprise,EMEA,8/31/2012,389312,Lead,38931,FALSE,FALSE,FALSE
6/3/2012,James Swanger,US_SMB_1979,SMB,US,6/3/2012,0,Closed Lost,0,TRUE,FALSE,TRUE
6/4/2012,Jennifer Weidman,US_SMB_1128,SMB,US,7/15/2012,118816,Lead,11882,FALSE,FALSE,FALSE
6/4/2012,Gerri Hinds,US_SMB_2643,SMB,US,6/4/2012,0,Closed Lost,0,TRUE,FALSE,TRUE
6/4/2012,Walter Landfair,APAC_Enterprise_319,Enterprise,APAC,1/31/2013,555334,Lead,55533,FALSE,FALSE,FALSE
6/4/2012,Anne Smith,US_SMB_3257,SMB,US,7/22/2012,109511,Lead,10951,FALSE,FALSE,FALSE
6/5/2012,Victor Burk,EMEA_Startup_59,Startup,EMEA,6/5/2012,0,Closed Lost,0,TRUE,FALSE,TRUE
6/5/2012,James Swanger,US_Enterprise_1012,Enterprise,US,8/31/2012,580737,Lead,58074,FALSE,FALSE,FALSE
6/5/2012,James Swanger,US_Startup_266,Startup,US,6/5/2012,0,Closed Lost,0,TRUE,FALSE,TRUE
6/5/2012,Jennifer Weidman,US_SMB_1303,SMB,US,7/14/2012,93362,Lead,9336,FALSE,FALSE,FALSE
6/6/2012,Jennifer Weidman,US_SMB_129,SMB,US,6/6/2012,0,Closed Lost,0,TRUE,FALSE,TRUE
6/6/2012,Anne Smith,US_Enterprise_502,Enterprise,US,7/28/2012,331048,Lead,33105,FALSE,FALSE,FALSE
6/6/2012,Gerri Hinds,US_Enterprise_1194,Enterprise,US,8/21/2012,342029,Lead,34203,FALSE,FALSE,FALSE
6/6/2012,Gerri Hinds,US_Startup_1068,Startup,US,6/6/2012,0,Closed Lost,0,TRUE,FALSE,TRUE
6/9/2012,Jennifer Weidman,US_SMB_2986,SMB,US,6/9/2012,0,Closed Lost,0,TRUE,FALSE,TRUE
6/9/2012,Walter Landfair,APAC_Enterprise_580,Enterprise,APAC,6/9/2012,0,Closed Lost,0,TRUE,FALSE,TRUE
6/10/2012,James Swanger,US_SMB_2114,SMB,US,6/10/2012,0,Closed Lost,0,TRUE,FALSE,TRUE
6/10/2012,James Swanger,US_Startup_741,Startup,US,6/10/2012,0,Closed Lost,0,TRUE,FALSE,TRUE
6/11/2012,Gerri Hinds,US_SMB_3176,SMB,US,6/11/2012,0,Closed Lost,0,TRUE,FALSE,TRUE
6/11/2012,Jennifer Weidman,US_Enterprise_1123,Enterprise,US,11/2/2012,434987,Lead,43499,FALSE,FALSE,FALSE
6/12/2012,Gerri Hinds,US_SMB_882,SMB,US,6/12/2012,0,Closed Lost,0,TRUE,FALSE,TRUE
6/12/2012,James Swanger,US_Enterprise_1495,Enterprise,US,6/12/2012,0,Closed Lost,0,TRUE,FALSE,TRUE
6/12/2012,James Swanger,US_SMB_2103,SMB,US,6/12/2012,0,Closed Lost,0,TRUE,FALSE,TRUE
6/12/2012,Gerri Hinds,US_SMB_2477,SMB,US,7/11/2012,122988,Lead,12299,FALSE,FALSE,FALSE
6/14/2012,David King,EMEA_SMB_67,SMB,EMEA,7/20/2012,107378,Lead,10738,FALSE,FALSE,FALSE
6/14/2012,Gerri Hinds,US_SMB_54,SMB,US,7/21/2012,100371,Lead,10037,FALSE,FALSE,FALSE
6/14/2012,Gerri Hinds,US_Enterprise_1250,Enterprise,US,6/14/2012,0,Closed Lost,0,TRUE,FALSE,TRUE
6/15/2012,Walter Landfair,APAC_Enterprise_468,Enterprise,APAC,10/3/2012,474038,Lead,47404,FALSE,FALSE,FALSE
6/16/2012,Gerri Hinds,US_SMB_2523,SMB,US,7/15/2012,93620,Lead,9362,FALSE,FALSE,FALSE
6/16/2012,Victor Burk,EMEA_Enterprise_551,Enterprise,EMEA,6/16/2012,0,Closed Lost,0,TRUE,FALSE,TRUE
6/16/2012,Jennifer Weidman,US_SMB_948,SMB,US,7/23/2012,139119,Lead,13912,FALSE,FALSE,FALSE
6/16/2012,Anne Smith,US_Enterprise_497,Enterprise,US,9/1/2012,496533,Lead,49653,FALSE,FALSE,FALSE
6/16/2012,Anne Smith,US_SMB_2946,SMB,US,7/19/2012,114749,Lead,11475,FALSE,FALSE,FALSE
6/16/2012,Jennifer Weidman,US_SMB_2057,SMB,US,6/16/2012,0,Closed Lost,0,TRUE,FALSE,TRUE
6/16/2012,David King,EMEA_Enterprise_49,Enterprise,EMEA,6/16/2012,0,Closed Lost,0,TRUE,FALSE,TRUE
6/17/2012,Jennifer Weidman,US_SMB_2691,SMB,US,6/17/2012,0,Closed Lost,0,TRUE,FALSE,TRUE
6/17/2012,Jennifer Weidman,US_Enterprise_1328,Enterprise,US,7/28/2012,406471,Prospect,81294,FALSE,FALSE,TRUE
6/18/2012,James Swanger,US_Enterprise_764,Enterprise,US,6/18/2012,0,Closed Lost,0,TRUE,FALSE,TRUE
6/19/2012,Gerri Hinds,US_SMB_2276,SMB,US,7/15/2012,90349,Lead,9035,FALSE,FALSE,FALSE
6/20/2012,Jennifer Weidman,US_SMB_1296,SMB,US,7/14/2012,126011,Lead,12601,FALSE,FALSE,FALSE
6/20/2012,Anne Smith,US_Startup_409,Startup,US,7/8/2012,472801,Contracting,378241,FALSE,FALSE,FALSE
6/20/2012,Anne Smith,US_SMB_2831,SMB,US,8/2/2012,114835,Prospect,22967,FALSE,FALSE,FALSE
6/20/2012,James Swanger,US_Enterprise_579,Enterprise,US,6/20/2012,0,Closed Lost,0,TRUE,FALSE,TRUE
6/21/2012,David King,EMEA_SMB_941,SMB,EMEA,8/20/2012,82795,Prospect,16559,FALSE,FALSE,FALSE
6/21/2012,Walter Landfair,APAC_Enterprise_699,Enterprise,APAC,1/16/2013,404697,Lead,40470,FALSE,FALSE,FALSE
6/24/2012,Walter Landfair,APAC_SMB_279,SMB,APAC,8/6/2012,45332,Contracting,36266,FALSE,FALSE,FALSE
6/24/2012,Walter Landfair,APAC_Startup_128,Startup,APAC,7/23/2012,555709,Contracting,444568,FALSE,FALSE,FALSE
6/25/2012,Walter Landfair,APAC_Enterprise_428,Enterprise,APAC,10/24/2012,578539,Lead,57854,FALSE,FALSE,FALSE
6/25/2012,David King,EMEA_SMB_1097,SMB,EMEA,6/25/2012,0,Closed Lost,0,TRUE,FALSE,TRUE
6/26/2012,Jennifer Weidman,US_Startup_487,Startup,US,6/26/2012,0,Closed Lost,0,TRUE,FALSE,TRUE
6/26/2012,David King,EMEA_Startup_130,Startup,EMEA,7/30/2012,627715,Prospect,125543,FALSE,FALSE,FALSE
6/26/2012,Jennifer Weidman,US_Startup_1066,Startup,US,7/23/2012,640909,Lead,64091,FALSE,FALSE,FALSE
6/26/2012,Walter Landfair,APAC_SMB_210,SMB,APAC,8/16/2012,119972,Prospect,23994,FALSE,FALSE,FALSE
6/27/2012,Victor Burk,EMEA_SMB_271,SMB,EMEA,6/27/2012,0,Closed Lost,0,TRUE,FALSE,TRUE
6/27/2012,Anne Smith,US_Enterprise_199,Enterprise,US,9/10/2012,555234,Lead,55523,FALSE,FALSE,FALSE
6/27/2012,James Swanger,US_Startup_782,Startup,US,7/29/2012,416371,Lead,41637,FALSE,FALSE,FALSE
6/28/2012,Gerri Hinds,US_Enterprise_1275,Enterprise,US,9/2/2012,426431,Lead,42643,FALSE,FALSE,FALSE
6/28/2012,James Swanger,US_Enterprise_533,Enterprise,US,11/5/2012,528759,Lead,52876,FALSE,FALSE,FALSE
6/28/2012,Victor Burk,EMEA_SMB_779,SMB,EMEA,8/17/2012,158727,Lead,15873,FALSE,FALSE,FALSE
6/29/2012,Jennifer Weidman,US_Enterprise_336,Enterprise,US,8/2/2012,177960,Contracting,142368,FALSE,FALSE,FALSE
6/29/2012,James Swanger,US_SMB_1798,SMB,US,6/29/2012,0,Closed Lost,0,TRUE,FALSE,TRUE
6/30/2012,Gerri Hinds,US_SMB_1406,SMB,US,8/3/2012,100957,Lead,10096,FALSE,FALSE,FALSE
6/30/2012,Anne Smith,US_SMB_2940,SMB,US,8/10/2012,118778,Lead,11878,FALSE,FALSE,FALSE
6/30/2012,Jennifer Weidman,US_SMB_1987,SMB,US,6/30/2012,0,Closed Lost,0,TRUE,FALSE,TRUE
6/30/2012,David King,EMEA_Enterprise_98,Enterprise,EMEA,9/13/2012,407984,Prospect,81597,FALSE,FALSE,TRUE
7/1/2012,Walter Landfair,APAC_Enterprise_55,Enterprise,APAC,7/1/2012,407086,Closed Won,407086,TRUE,FALSE,TRUE
7/1/2012,Gerri Hinds,US_SMB_3235,SMB,US,7/1/2012,0,Closed Lost,0,TRUE,FALSE,TRUE
7/2/2012,Victor Burk,EMEA_SMB_174,SMB,EMEA,7/2/2012,0,Closed Lost,0,TRUE,FALSE,TRUE
7/2/2012,Anne Smith,US_SMB_84,SMB,US,7/30/2012,82178,Lead,8218,FALSE,FALSE,FALSE
7/2/2012,Gerri Hinds,US_Enterprise_883,Enterprise,US,10/26/2012,487625,Lead,48762,FALSE,FALSE,FALSE
7/2/2012,Victor Burk,EMEA_SMB_563,SMB,EMEA,8/4/2012,125733,Lead,12573,FALSE,FALSE,FALSE
7/4/2012,David King,EMEA_SMB_741,SMB,EMEA,8/19/2012,90394,Lead,9039,FALSE,FALSE,FALSE
7/4/2012,Anne Smith,US_Enterprise_507,Enterprise,US,7/4/2012,0,Closed Lost,0,TRUE,FALSE,TRUE
7/4/2012,Jennifer Weidman,US_Enterprise_273,Enterprise,US,11/2/2012,388234,Lead,38823,FALSE,FALSE,FALSE
7/4/2012,James Swanger,US_SMB_1753,SMB,US,7/4/2012,0,Closed Lost,0,TRUE,FALSE,TRUE
7/4/2012,Gerri Hinds,US_Enterprise_582,Enterprise,US,9/5/2012,570329,Lead,57033,FALSE,FALSE,FALSE
7/4/2012,James Swanger,US_Enterprise_234,Enterprise,US,11/14/2012,558501,Lead,55850,FALSE,FALSE,FALSE
7/5/2012,David King,EMEA_Enterprise_559,Enterprise,EMEA,10/28/2012,405517,Lead,40552,FALSE,FALSE,FALSE
7/5/2012,Victor Burk,EMEA_SMB_793,SMB,EMEA,7/5/2012,0,Closed Lost,0,TRUE,FALSE,TRUE
7/5/2012,Walter Landfair,APAC_Enterprise_132,Enterprise,APAC,7/5/2012,0,Closed Lost,0,TRUE,FALSE,TRUE
7/5/2012,Anne Smith,US_Enterprise_511,Enterprise,US,9/3/2012,454006,Lead,45401,FALSE,FALSE,FALSE
7/5/2012,Walter Landfair,APAC_SMB_2,SMB,APAC,9/11/2012,156636,Lead,15664,FALSE,FALSE,FALSE
7/6/2012,Jennifer Weidman,US_SMB_1054,SMB,US,7/6/2012,0,Closed Lost,0,TRUE,FALSE,TRUE
7/7/2012,David King,EMEA_Enterprise_728,Enterprise,EMEA,9/29/2012,379643,Qualified,189822,FALSE,FALSE,FALSE
7/7/2012,James Swanger,US_Startup_252,Startup,US,8/13/2012,536847,Lead,53685,FALSE,FALSE,FALSE
7/7/2012,Anne Smith,US_Startup_388,Startup,US,8/11/2012,486041,Lead,48604,FALSE,FALSE,FALSE
7/8/2012,James Swanger,US_Enterprise_178,Enterprise,US,7/8/2012,0,Closed Lost,0,TRUE,FALSE,TRUE
7/8/2012,David King,EMEA_Enterprise_136,Enterprise,EMEA,10/17/2012,424879,Lead,42488,FALSE,FALSE,FALSE
7/9/2012,Jennifer Weidman,US_SMB_755,SMB,US,8/28/2012,89388,Lead,8939,FALSE,FALSE,FALSE
7/10/2012,Gerri Hinds,US_Enterprise_708,Enterprise,US,10/12/2012,389386,Lead,38939,FALSE,FALSE,FALSE
7/10/2012,Victor Burk,EMEA_SMB_717,SMB,EMEA,7/10/2012,0,Closed Lost,0,TRUE,FALSE,TRUE
7/11/2012,Anne Smith,US_Enterprise_502,Enterprise,US,7/11/2012,0,Closed Lost,0,TRUE,FALSE,TRUE
7/11/2012,Victor Burk,EMEA_SMB_664,SMB,EMEA,10/1/2012,113484,Lead,11348,FALSE,FALSE,FALSE
7/11/2012,Anne Smith,US_SMB_2704,SMB,US,8/24/2012,132189,Lead,13219,FALSE,FALSE,FALSE
7/11/2012,Anne Smith,US_SMB_2014,SMB,US,8/27/2012,94102,Lead,9410,FALSE,FALSE,FALSE
7/12/2012,Gerri Hinds,US_SMB_1265,SMB,US,7/12/2012,0,Closed Lost,0,TRUE,FALSE,TRUE
7/12/2012,Victor Burk,EMEA_SMB_489,SMB,EMEA,9/22/2012,156542,Lead,15654,FALSE,FALSE,FALSE
7/12/2012,Anne Smith,US_Startup_409,Startup,US,7/12/2012,429820,Closed Won,429820,TRUE,FALSE,TRUE
7/12/2012,Jennifer Weidman,US_SMB_339,SMB,US,8/12/2012,83251,Prospect,16650,FALSE,FALSE,FALSE
7/12/2012,Walter Landfair,APAC_SMB_311,SMB,APAC,9/14/2012,82794,Prospect,16559,FALSE,FALSE,FALSE
7/12/2012,Gerri Hinds,US_SMB_2660,SMB,US,8/25/2012,142142,Lead,14214,FALSE,FALSE,FALSE
7/13/2012,James Swanger,US_Enterprise_419,Enterprise,US,10/8/2012,340778,Lead,34078,FALSE,FALSE,FALSE
7/13/2012,James Swanger,US_SMB_1989,SMB,US,8/20/2012,104535,Lead,10453,FALSE,FALSE,FALSE
7/13/2012,David King,EMEA_SMB_1255,SMB,EMEA,8/23/2012,109411,Lead,10941,FALSE,FALSE,FALSE
7/13/2012,Gerri Hinds,US_SMB_2053,SMB,US,7/13/2012,0,Closed Lost,0,TRUE,FALSE,TRUE
7/14/2012,James Swanger,US_Enterprise_356,Enterprise,US,7/14/2012,0,Closed Lost,0,TRUE,FALSE,TRUE
7/14/2012,Gerri Hinds,US_SMB_2477,SMB,US,7/14/2012,0,Closed Lost,0,TRUE,FALSE,TRUE
7/15/2012,Jennifer Weidman,US_Enterprise_1328,Enterprise,US,8/8/2012,319370,Contracting,255496,FALSE,FALSE,FALSE
7/15/2012,Walter Landfair,APAC_Enterprise_656,Enterprise,APAC,9/5/2012,464061,Prospect,92812,FALSE,FALSE,FALSE
7/15/2012,David King,EMEA_SMB_1077,SMB,EMEA,8/18/2012,93435,Lead,9344,FALSE,FALSE,FALSE
7/16/2012,James Swanger,US_Enterprise_39,Enterprise,US,10/4/2012,422437,Lead,42244,FALSE,FALSE,FALSE
7/17/2012,Jennifer Weidman,US_SMB_1296,SMB,US,7/17/2012,0,Closed Lost,0,TRUE,FALSE,TRUE
7/17/2012,Jennifer Weidman,US_SMB_1937,SMB,US,9/15/2012,91179,Lead,9118,FALSE,FALSE,FALSE
7/17/2012,James Swanger,US_Enterprise_1296,Enterprise,US,7/17/2012,0,Closed Lost,0,TRUE,FALSE,TRUE
7/18/2012,Anne Smith,US_SMB_2831,SMB,US,7/18/2012,0,Closed Lost,0,TRUE,FALSE,TRUE
7/18/2012,Gerri Hinds,US_SMB_2276,SMB,US,7/18/2012,0,Closed Lost,0,TRUE,FALSE,TRUE
7/18/2012,David King,EMEA_SMB_900,SMB,EMEA,9/6/2012,122344,Lead,12234,FALSE,FALSE,FALSE
7/18/2012,Gerri Hinds,US_SMB_2523,SMB,US,7/18/2012,0,Closed Lost,0,TRUE,FALSE,TRUE
7/19/2012,Jennifer Weidman,US_SMB_1303,SMB,US,8/22/2012,81328,Prospect,16266,FALSE,FALSE,FALSE
7/19/2012,Walter Landfair,APAC_SMB_526,SMB,APAC,10/5/2012,144807,Lead,14481,FALSE,FALSE,FALSE
7/20/2012,Jennifer Weidman,US_SMB_1128,SMB,US,7/20/2012,0,Closed Lost,0,TRUE,FALSE,TRUE
7/20/2012,David King,EMEA_SMB_511,SMB,EMEA,9/8/2012,94775,Prospect,18955,FALSE,FALSE,FALSE
7/20/2012,Anne Smith,US_Startup_1011,Startup,US,8/6/2012,687703,Lead,68770,FALSE,FALSE,FALSE
7/21/2012,James Swanger,US_Startup_782,Startup,US,7/21/2012,0,Closed Lost,0,TRUE,FALSE,TRUE
7/21/2012,David King,EMEA_Startup_130,Startup,EMEA,8/10/2012,493205,Contracting,394564,FALSE,FALSE,FALSE
7/21/2012,David King,EMEA_Enterprise_252,Enterprise,EMEA,7/21/2012,0,Closed Lost,0,TRUE,FALSE,TRUE
7/22/2012,Anne Smith,US_SMB_2946,SMB,US,7/22/2012,0,Closed Lost,0,TRUE,FALSE,TRUE
7/23/2012,Anne Smith,US_SMB_312,SMB,US,7/23/2012,0,Closed Lost,0,TRUE,FALSE,TRUE
7/24/2012,Jennifer Weidman,US_SMB_3203,SMB,US,8/22/2012,150433,Lead,15043,FALSE,FALSE,FALSE
7/24/2012,Gerri Hinds,US_Startup_401,Startup,US,7/24/2012,0,Closed Lost,0,TRUE,FALSE,TRUE
7/24/2012,David King,EMEA_SMB_67,SMB,EMEA,7/24/2012,0,Closed Lost,0,TRUE,FALSE,TRUE
7/24/2012,Victor Burk,EMEA_Enterprise_458,Enterprise,EMEA,7/24/2012,0,Closed Lost,0,TRUE,FALSE,TRUE
7/25/2012,James Swanger,US_SMB_119,SMB,US,8/13/2012,89832,Lead,8983,FALSE,FALSE,FALSE
7/25/2012,Gerri Hinds,US_SMB_54,SMB,US,7/25/2012,0,Closed Lost,0,TRUE,FALSE,TRUE
7/25/2012,Anne Smith,US_Startup_24,Startup,US,7/25/2012,0,Closed Lost,0,TRUE,FALSE,TRUE
7/26/2012,Gerri Hinds,US_Enterprise_1194,Enterprise,US,7/26/2012,0,Closed Lost,0,TRUE,FALSE,TRUE
7/27/2012,David King,EMEA_SMB_59,SMB,EMEA,7/27/2012,0,Closed Lost,0,TRUE,FALSE,TRUE
7/27/2012,Gerri Hinds,US_Enterprise_934,Enterprise,US,7/27/2012,0,Closed Lost,0,TRUE,FALSE,TRUE
7/27/2012,James Swanger,US_SMB_1644,SMB,US,9/1/2012,104195,Lead,10420,FALSE,FALSE,FALSE
7/27/2012,Jennifer Weidman,US_SMB_948,SMB,US,7/27/2012,0,Closed Lost,0,TRUE,FALSE,TRUE
7/27/2012,Anne Smith,US_SMB_3257,SMB,US,7/27/2012,0,Closed Lost,0,TRUE,FALSE,TRUE
7/27/2012,Walter Landfair,APAC_SMB_414,SMB,APAC,9/16/2012,99875,Lead,9987,FALSE,FALSE,FALSE
7/28/2012,Gerri Hinds,US_SMB_2578,SMB,US,9/9/2012,147253,Lead,14725,FALSE,FALSE,FALSE
7/28/2012,Gerri Hinds,US_Enterprise_537,Enterprise,US,11/15/2012,414702,Lead,41470,FALSE,FALSE,FALSE
7/28/2012,Walter Landfair,APAC_SMB_210,SMB,APAC,7/28/2012,0,Closed Lost,0,TRUE,FALSE,TRUE
7/29/2012,Anne Smith,US_SMB_212,SMB,US,8/31/2012,104913,Lead,10491,FALSE,FALSE,FALSE
7/29/2012,David King,EMEA_SMB_941,SMB,EMEA,7/29/2012,0,Closed Lost,0,TRUE,FALSE,TRUE
7/29/2012,Walter Landfair,APAC_Startup_128,Startup,APAC,7/29/2012,505190,Closed Won,505190,TRUE,FALSE,TRUE
7/30/2012,Gerri Hinds,US_Enterprise_710,Enterprise,US,1/10/2013,519618,Lead,51962,FALSE,FALSE,FALSE
7/31/2012,Walter Landfair,APAC_Enterprise_677,Enterprise,APAC,1/20/2013,416536,Lead,41654,FALSE,FALSE,FALSE
7/31/2012,Walter Landfair,APAC_Enterprise_734,Enterprise,APAC,7/31/2012,0,Closed Lost,0,TRUE,FALSE,TRUE
7/31/2012,Jennifer Weidman,US_Startup_1066,Startup,US,7/31/2012,0,Closed Lost,0,TRUE,FALSE,TRUE
8/1/2012,Anne Smith,US_Enterprise_985,Enterprise,US,10/25/2012,300396,Lead,30040,FALSE,FALSE,FALSE
8/2/2012,Anne Smith,US_SMB_84,SMB,US,8/2/2012,0,Closed Lost,0,TRUE,FALSE,TRUE
8/2/2012,James Swanger,US_Enterprise_1012,Enterprise,US,8/2/2012,0,Closed Lost,0,TRUE,FALSE,TRUE
8/2/2012,David King,EMEA_Enterprise_728,Enterprise,EMEA,8/2/2012,0,Closed Lost,0,TRUE,FALSE,TRUE
8/2/2012,James Swanger,US_SMB_592,SMB,US,9/12/2012,76074,Lead,7607,FALSE,FALSE,FALSE
8/3/2012,David King,EMEA_SMB_831,SMB,EMEA,9/4/2012,102707,Lead,10271,FALSE,FALSE,FALSE
8/4/2012,Victor Burk,EMEA_Enterprise_623,Enterprise,EMEA,11/12/2012,211044,Prospect,42209,FALSE,FALSE,FALSE
8/4/2012,James Swanger,US_Startup_252,Startup,US,8/4/2012,0,Closed Lost,0,TRUE,FALSE,TRUE
8/4/2012,Jennifer Weidman,US_SMB_343,SMB,US,9/11/2012,106001,Lead,10600,FALSE,FALSE,FALSE
8/5/2012,Gerri Hinds,US_Enterprise_1390,Enterprise,US,12/16/2012,396321,Lead,39632,FALSE,FALSE,FALSE
8/5/2012,James Swanger,US_SMB_3110,SMB,US,9/1/2012,116089,Lead,11609,FALSE,FALSE,FALSE
8/5/2012,Walter Landfair,APAC_Startup_30,Startup,APAC,10/20/2012,470263,Lead,47026,FALSE,FALSE,FALSE
8/6/2012,Jennifer Weidman,US_Enterprise_336,Enterprise,US,8/6/2012,161782,Closed Won,161782,TRUE,FALSE,TRUE
8/6/2012,Anne Smith,US_Enterprise_497,Enterprise,US,8/6/2012,0,Closed Lost,0,TRUE,FALSE,TRUE
8/7/2012,Gerri Hinds,US_SMB_1376,SMB,US,8/30/2012,93366,Lead,9337,FALSE,FALSE,FALSE
8/7/2012,Anne Smith,US_Startup_314,Startup,US,9/16/2012,675981,Lead,67598,FALSE,FALSE,TRUE
8/7/2012,Gerri Hinds,US_SMB_2871,SMB,US,9/6/2012,138511,Lead,13851,FALSE,FALSE,FALSE
8/7/2012,Gerri Hinds,US_SMB_1406,SMB,US,8/7/2012,0,Closed Lost,0,TRUE,FALSE,TRUE
8/8/2012,Anne Smith,US_Startup_1011,Startup,US,8/8/2012,0,Closed Lost,0,TRUE,FALSE,TRUE
8/8/2012,Victor Burk,EMEA_SMB_563,SMB,EMEA,8/8/2012,0,Closed Lost,0,TRUE,FALSE,TRUE
8/9/2012,Gerri Hinds,US_SMB_1968,SMB,US,9/11/2012,131562,Lead,13156,FALSE,FALSE,FALSE
8/9/2012,Walter Landfair,APAC_Enterprise_659,Enterprise,APAC,8/9/2012,0,Closed Lost,0,TRUE,FALSE,TRUE
8/9/2012,Jennifer Weidman,US_SMB_1303,SMB,US,8/9/2012,0,Closed Lost,0,TRUE,FALSE,TRUE
8/11/2012,Jennifer Weidman,US_SMB_2756,SMB,US,9/21/2012,97181,Lead,9718,FALSE,FALSE,FALSE
8/11/2012,Jennifer Weidman,US_SMB_339,SMB,US,8/11/2012,0,Closed Lost,0,TRUE,FALSE,TRUE
8/11/2012,Jennifer Weidman,US_Enterprise_1328,Enterprise,US,8/11/2012,290336,Closed Won,290336,TRUE,FALSE,TRUE
8/11/2012,Gerri Hinds,US_Enterprise_1275,Enterprise,US,9/29/2012,398002,Prospect,79600,FALSE,FALSE,FALSE
8/11/2012,Walter Landfair,APAC_Enterprise_702,Enterprise,APAC,2/25/2013,519494,Lead,51949,FALSE,FALSE,FALSE
8/11/2012,Walter Landfair,APAC_Enterprise_449,Enterprise,APAC,1/10/2013,395308,Lead,39531,FALSE,FALSE,FALSE
8/12/2012,David King,EMEA_SMB_436,SMB,EMEA,9/29/2012,110784,Lead,11078,FALSE,FALSE,FALSE
8/12/2012,David King,EMEA_SMB_1200,SMB,EMEA,9/21/2012,124381,Lead,12438,FALSE,FALSE,FALSE
8/12/2012,James Swanger,US_SMB_1948,SMB,US,9/30/2012,145360,Lead,14536,FALSE,FALSE,FALSE
8/14/2012,Anne Smith,US_SMB_2478,SMB,US,9/8/2012,76328,Lead,7633,FALSE,FALSE,FALSE
8/14/2012,Walter Landfair,APAC_Enterprise_269,Enterprise,APAC,8/14/2012,0,Closed Lost,0,TRUE,FALSE,TRUE
8/14/2012,Anne Smith,US_Enterprise_511,Enterprise,US,8/14/2012,0,Closed Lost,0,TRUE,FALSE,TRUE
8/15/2012,Anne Smith,US_SMB_2940,SMB,US,8/15/2012,0,Closed Lost,0,TRUE,FALSE,TRUE
8/15/2012,Jennifer Weidman,US_Enterprise_246,Enterprise,US,8/15/2012,0,Closed Lost,0,TRUE,FALSE,TRUE
8/15/2012,James Swanger,US_SMB_2659,SMB,US,10/8/2012,137839,Lead,13784,FALSE,FALSE,FALSE
8/15/2012,David King,EMEA_Startup_130,Startup,EMEA,8/15/2012,0,Closed Lost,0,TRUE,FALSE,TRUE
8/15/2012,Gerri Hinds,US_Enterprise_582,Enterprise,US,8/15/2012,0,Closed Lost,0,TRUE,FALSE,TRUE
8/16/2012,James Swanger,US_SMB_119,SMB,US,8/16/2012,0,Closed Lost,0,TRUE,FALSE,TRUE
8/16/2012,Anne Smith,US_Enterprise_199,Enterprise,US,8/16/2012,0,Closed Lost,0,TRUE,FALSE,TRUE
8/16/2012,Walter Landfair,APAC_SMB_279,SMB,APAC,8/16/2012,37465,Closed Won,37465,TRUE,FALSE,TRUE
8/16/2012,Victor Burk,EMEA_Startup_190,Startup,EMEA,9/27/2012,644391,Lead,64439,FALSE,FALSE,FALSE
8/18/2012,Anne Smith,US_Enterprise_35,Enterprise,US,11/30/2012,424366,Lead,42437,FALSE,FALSE,FALSE
8/18/2012,Victor Burk,EMEA_Startup_1,Startup,EMEA,10/11/2012,477412,Lead,47741,FALSE,FALSE,FALSE
8/18/2012,Gerri Hinds,US_Startup_1183,Startup,US,9/5/2012,593225,Lead,59322,FALSE,FALSE,FALSE
8/18/2012,Anne Smith,US_SMB_64,SMB,US,9/15/2012,109007,Lead,10901,FALSE,FALSE,FALSE
8/19/2012,Walter Landfair,APAC_Enterprise_656,Enterprise,APAC,8/19/2012,0,Closed Lost,0,TRUE,FALSE,TRUE
8/19/2012,David King,EMEA_Enterprise_98,Enterprise,EMEA,10/2/2012,320559,Contracting,256447,FALSE,FALSE,FALSE
8/19/2012,Victor Burk,EMEA_SMB_1073,SMB,EMEA,9/24/2012,111873,Lead,11187,FALSE,FALSE,FALSE
8/21/2012,David King,EMEA_SMB_511,SMB,EMEA,9/30/2012,72532,Qualified,36266,FALSE,FALSE,FALSE
8/21/2012,Anne Smith,US_Startup_388,Startup,US,8/21/2012,0,Closed Lost,0,TRUE,FALSE,TRUE
8/22/2012,Walter Landfair,APAC_SMB_311,SMB,APAC,10/12/2012,63363,Qualified,31681,FALSE,FALSE,FALSE
8/22/2012,Victor Burk,EMEA_SMB_779,SMB,EMEA,8/22/2012,0,Closed Lost,0,TRUE,FALSE,TRUE
8/22/2012,David King,EMEA_SMB_1077,SMB,EMEA,8/22/2012,0,Closed Lost,0,TRUE,FALSE,TRUE
8/23/2012,James Swanger,US_SMB_1281,SMB,US,9/29/2012,105814,Lead,10581,FALSE,FALSE,FALSE
8/23/2012,Victor Burk,EMEA_SMB_1023,SMB,EMEA,9/14/2012,103176,Lead,10318,FALSE,FALSE,FALSE
8/24/2012,David King,EMEA_SMB_741,SMB,EMEA,8/24/2012,0,Closed Lost,0,TRUE,FALSE,TRUE
8/24/2012,James Swanger,US_Startup_1035,Startup,US,9/15/2012,766417,Prospect,153283,FALSE,FALSE,FALSE
8/24/2012,Gerri Hinds,US_SMB_1038,SMB,US,9/24/2012,120330,Lead,12033,FALSE,FALSE,FALSE
8/24/2012,Anne Smith,US_SMB_2567,SMB,US,9/28/2012,75560,Lead,7556,FALSE,FALSE,FALSE
8/25/2012,James Swanger,US_SMB_1989,SMB,US,8/25/2012,0,Closed Lost,0,TRUE,FALSE,TRUE
8/25/2012,Jennifer Weidman,US_SMB_3203,SMB,US,8/25/2012,0,Closed Lost,0,TRUE,FALSE,TRUE
8/26/2012,David King,EMEA_Enterprise_19,Enterprise,EMEA,12/20/2012,303872,Prospect,60774,FALSE,FALSE,FALSE
8/27/2012,Walter Landfair,APAC_Enterprise_468,Enterprise,APAC,8/27/2012,0,Closed Lost,0,TRUE,FALSE,TRUE
8/27/2012,David King,EMEA_Enterprise_53,Enterprise,EMEA,11/29/2012,494912,Lead,49491,FALSE,FALSE,FALSE
8/28/2012,David King,EMEA_SMB_1255,SMB,EMEA,10/3/2012,95309,Prospect,19062,FALSE,FALSE,FALSE
8/28/2012,David King,EMEA_SMB_98,SMB,EMEA,9/16/2012,173221,Lead,17322,FALSE,FALSE,FALSE
8/29/2012,Anne Smith,US_SMB_2704,SMB,US,8/29/2012,0,Closed Lost,0,TRUE,FALSE,TRUE
8/29/2012,Walter Landfair,APAC_Enterprise_552,Enterprise,APAC,2/24/2013,504755,Lead,50475,FALSE,FALSE,FALSE
8/30/2012,Gerri Hinds,US_SMB_2660,SMB,US,10/8/2012,123822,Prospect,24764,FALSE,FALSE,FALSE
8/30/2012,Walter Landfair,APAC_Enterprise_541,Enterprise,APAC,2/9/2013,384159,Lead,38416,FALSE,FALSE,FALSE
8/31/2012,Victor Burk,EMEA_Enterprise_459,Enterprise,EMEA,8/31/2012,0,Closed Lost,0,TRUE,FALSE,TRUE
8/31/2012,David King,EMEA_SMB_1266,SMB,EMEA,10/29/2012,96486,Lead,9649,FALSE,FALSE,FALSE
9/1/2012,Gerri Hinds,US_Startup_1183,Startup,US,9/1/2012,0,Closed Lost,0,TRUE,FALSE,TRUE
9/1/2012,Victor Burk,EMEA_Enterprise_255,Enterprise,EMEA,11/21/2012,468091,Lead,46809,FALSE,FALSE,FALSE
9/1/2012,Anne Smith,US_SMB_1657,SMB,US,9/28/2012,83785,Lead,8378,FALSE,FALSE,FALSE